Iteration;Decisions;Reward Total;Time;ShortestPickupTime;LongestPickupTime;AveragePickupTime;ShortestDropoffTime;LongestDropoffTime;AverageDropoffTime;TotalPickups;TotalDropoffs;Reward Drop off;Reward Pick up;Reward Same Location;Waiting Reward;Bad Destination
1;1;-842.4243;0;0;0;NaN;0;0;NaN;0;0;0;0;0;-342.4193;-500
2;1;-842.4243;0;0;0;NaN;0;0;NaN;0;0;0;0;0;-342.4193;-500
3;1;-842.4243;0;0;0;NaN;0;0;NaN;0;0;0;0;0;-342.4193;-500
4;1;-297.7802;0;6.333334;6.333334;6.333334;0;0;NaN;1;0;0;20;0;-317.7803;0
5;1;-842.4243;0;0;0;NaN;0;0;NaN;0;0;0;0;0;-342.4193;-500
6;1;-842.4243;0;0;0;NaN;0;0;NaN;0;0;0;0;0;-342.4193;-500
7;1;-842.4243;0;0;0;NaN;0;0;NaN;0;0;0;0;0;-342.4193;-500
8;1;-1184.841;0;0;0;NaN;0;0;NaN;0;0;0;0;0;-684.8447;-500
9;1;-842.4243;0;0;0;NaN;0;0;NaN;0;0;0;0;0;-342.4193;-500
10;1;-842.4243;0;0;0;NaN;0;0;NaN;0;0;0;0;0;-342.4193;-500
11;1;-842.4243;0;0;0;NaN;0;0;NaN;0;0;0;0;0;-342.4193;-500
12;1;-842.4243;0;0;0;NaN;0;0;NaN;0;0;0;0;0;-342.4193;-500
13;1;-842.4243;0;0;0;NaN;0;0;NaN;0;0;0;0;0;-342.4193;-500
14;1;-842.4243;0;0;0;NaN;0;0;NaN;0;0;0;0;0;-342.4193;-500
15;1;-842.4243;0;0;0;NaN;0;0;NaN;0;0;0;0;0;-342.4193;-500
16;2;-3684.842;0;0;0;NaN;0;0;NaN;0;0;0;0;-2000;-684.8447;-1000
17;1;-842.4243;0;0;0;NaN;0;0;NaN;0;0;0;0;0;-342.4193;-500
18;1;-2797.782;0;6.333334;6.333334;6.333334;0;0;NaN;1;0;0;20;-2000;-317.7803;-500
19;1;-2797.782;0;6.333334;6.333334;6.333334;0;0;NaN;1;0;0;20;-2000;-317.7803;-500
20;1;-842.4243;0;0;0;NaN;0;0;NaN;0;0;0;0;0;-342.4193;-500
21;2;-3342.421;0;0;0;NaN;0;0;NaN;0;0;0;0;-2000;-342.4193;-1000
22;1;-297.7802;0;6.333334;6.333334;6.333334;0;0;NaN;1;0;0;20;0;-317.7803;0
23;1;-1184.841;0;0;0;NaN;0;0;NaN;0;0;0;0;0;-684.8447;-500
24;1;-842.4243;0;0;0;NaN;0;0;NaN;0;0;0;0;0;-342.4193;-500
25;1;-605.6088;0;13.66667;13.66667;6.833334;0;0;NaN;2;0;0;40;0;-645.6097;0
26;1;-842.4243;0;0;0;NaN;0;0;NaN;0;0;0;0;0;-342.4193;-500
27;1;-297.7802;0;6.333334;6.333334;6.333334;0;0;NaN;1;0;0;20;0;-317.7803;0
28;2;-3342.421;0;0;0;NaN;0;0;NaN;0;0;0;0;-2000;-342.4193;-1000
29;1;-605.6088;0;13.66667;13.66667;6.833334;0;0;NaN;2;0;0;40;0;-645.6097;0
30;1;-842.4243;0;0;0;NaN;0;0;NaN;0;0;0;0;0;-342.4193;-500
31;1;-842.4243;0;0;0;NaN;0;0;NaN;0;0;0;0;0;-342.4193;-500
32;2;-4027.263;0;0;0;NaN;0;0;NaN;0;0;0;0;-2000;-1027.277;-1000
33;1;-842.4243;0;0;0;NaN;0;0;NaN;0;0;0;0;0;-342.4193;-500
34;1;-842.4243;0;0;0;NaN;0;0;NaN;0;0;0;0;0;-342.4193;-500
35;1;-1184.841;0;0;0;NaN;0;0;NaN;0;0;0;0;0;-684.8447;-500
36;2;-3684.842;0;0;0;NaN;0;0;NaN;0;0;0;0;-2000;-684.8447;-1000
37;1;-1184.841;0;0;0;NaN;0;0;NaN;0;0;0;0;0;-684.8447;-500
38;2;-3342.421;0;0;0;NaN;0;0;NaN;0;0;0;0;-2000;-342.4193;-1000
39;1;-1184.841;0;0;0;NaN;0;0;NaN;0;0;0;0;0;-684.8447;-500
40;1;-842.4243;0;0;0;NaN;0;0;NaN;0;0;0;0;0;-342.4193;-500
41;1;-297.7802;0;6.333334;6.333334;6.333334;0;0;NaN;1;0;0;20;0;-317.7803;0
42;1;-842.4243;0;0;0;NaN;0;0;NaN;0;0;0;0;0;-342.4193;-500
43;2;-3342.421;0;0;0;NaN;0;0;NaN;0;0;0;0;-2000;-342.4193;-1000
44;1;-842.4243;0;0;0;NaN;0;0;NaN;0;0;0;0;0;-342.4193;-500
45;1;-2797.782;0;6.333334;6.333334;6.333334;0;0;NaN;1;0;0;20;-2000;-317.7803;-500
46;1;-842.4243;0;0;0;NaN;0;0;NaN;0;0;0;0;0;-342.4193;-500
47;2;-3342.421;0;0;0;NaN;0;0;NaN;0;0;0;0;-2000;-342.4193;-1000
48;1;-842.4243;0;0;0;NaN;0;0;NaN;0;0;0;0;0;-342.4193;-500
49;1;-2797.782;0;6.333334;6.333334;6.333334;0;0;NaN;1;0;0;20;-2000;-317.7803;-500
50;2;-3342.421;0;0;0;NaN;0;0;NaN;0;0;0;0;-2000;-342.4193;-1000
51;1;-297.7802;0;6.333334;6.333334;6.333334;0;0;NaN;1;0;0;20;0;-317.7803;0
52;1;-1184.841;0;0;0;NaN;0;0;NaN;0;0;0;0;0;-684.8447;-500
53;1;-842.4243;0;0;0;NaN;0;0;NaN;0;0;0;0;0;-342.4193;-500
54;2;-3342.421;0;0;0;NaN;0;0;NaN;0;0;0;0;-2000;-342.4193;-1000
55;1;-842.4243;0;0;0;NaN;0;0;NaN;0;0;0;0;0;-342.4193;-500
56;2;-3342.421;0;0;0;NaN;0;0;NaN;0;0;0;0;-2000;-342.4193;-1000
57;2;-3342.421;0;0;0;NaN;0;0;NaN;0;0;0;0;-2000;-342.4193;-1000
58;1;-842.4243;0;0;0;NaN;0;0;NaN;0;0;0;0;0;-342.4193;-500
59;1;-297.7802;0;6.333334;6.333334;6.333334;0;0;NaN;1;0;0;20;0;-317.7803;0
60;1;-842.4243;0;0;0;NaN;0;0;NaN;0;0;0;0;0;-342.4193;-500
61;2;-3342.421;0;0;0;NaN;0;0;NaN;0;0;0;0;-2000;-342.4193;-1000
62;1;-842.4243;0;0;0;NaN;0;0;NaN;0;0;0;0;0;-342.4193;-500
63;1;-842.4243;0;0;0;NaN;0;0;NaN;0;0;0;0;0;-342.4193;-500
64;1;-842.4243;0;0;0;NaN;0;0;NaN;0;0;0;0;0;-342.4193;-500
65;1;-842.4243;0;0;0;NaN;0;0;NaN;0;0;0;0;0;-342.4193;-500
66;1;-842.4243;0;0;0;NaN;0;0;NaN;0;0;0;0;0;-342.4193;-500
67;1;-2797.782;0;6.333334;6.333334;6.333334;0;0;NaN;1;0;0;20;-2000;-317.7803;-500
68;1;-842.4243;0;0;0;NaN;0;0;NaN;0;0;0;0;0;-342.4193;-500
69;1;-842.4243;0;0;0;NaN;0;0;NaN;0;0;0;0;0;-342.4193;-500
70;1;-842.4243;0;0;0;NaN;0;0;NaN;0;0;0;0;0;-342.4193;-500
71;1;-2797.782;0;6.333334;6.333334;6.333334;0;0;NaN;1;0;0;20;-2000;-317.7803;-500
72;1;-842.4243;0;0;0;NaN;0;0;NaN;0;0;0;0;0;-342.4193;-500
73;1;-842.4243;0;0;0;NaN;0;0;NaN;0;0;0;0;0;-342.4193;-500
74;2;-3342.421;0;0;0;NaN;0;0;NaN;0;0;0;0;-2000;-342.4193;-1000
75;1;-842.4243;0;0;0;NaN;0;0;NaN;0;0;0;0;0;-342.4193;-500
76;1;-842.4243;0;0;0;NaN;0;0;NaN;0;0;0;0;0;-342.4193;-500
77;1;-842.4243;0;0;0;NaN;0;0;NaN;0;0;0;0;0;-342.4193;-500
78;1;-297.7802;0;6.333334;6.333334;6.333334;0;0;NaN;1;0;0;20;0;-317.7803;0
79;1;-842.4243;0;0;0;NaN;0;0;NaN;0;0;0;0;0;-342.4193;-500
80;1;-842.4243;0;0;0;NaN;0;0;NaN;0;0;0;0;0;-342.4193;-500
81;2;-3342.421;0;0;0;NaN;0;0;NaN;0;0;0;0;-2000;-342.4193;-1000
82;1;-816.3698;0;0;0;NaN;0;0;NaN;0;0;0;0;0;-316.3631;-500
83;1;-287.6312;0;5;5;5;0;0;NaN;1;0;0;20;0;-307.631;0
84;0;-329.3544;0;0;0;NaN;0;0;NaN;0;0;0;0;0;-329.3544;0
85;1;-829.3641;0;0;0;NaN;0;0;NaN;0;0;0;0;0;-329.3544;-500
86;2;-1329.362;0;0;0;NaN;0;0;NaN;0;0;0;0;0;-329.3544;-1000
87;1;-842.4304;0;0;0;NaN;0;0;NaN;0;0;0;0;0;-342.4193;-500
88;1;-1132.744;0;0;0;NaN;0;0;NaN;0;0;0;0;0;-632.73;-500
89;1;-829.356;0;0;0;NaN;0;0;NaN;0;0;0;0;0;-329.3544;-500
90;2;-3329.355;0;0;0;NaN;0;0;NaN;0;0;0;0;-2000;-329.3544;-1000
91;0;-329.3544;0;0;0;NaN;0;0;NaN;0;0;0;0;0;-329.3544;0
92;1;-816.3647;0;0;0;NaN;0;0;NaN;0;0;0;0;0;-316.3631;-500
93;0;-329.3544;0;0;0;NaN;0;0;NaN;0;0;0;0;0;-329.3544;0
94;2;-196.1145;0;1.333333;1.333333;1.333333;8.333334;8.333334;8.333334;1;1;50;20;0;-266.1145;0
95;0;-658.7137;0;0;0;NaN;0;0;NaN;0;0;0;0;0;-658.7137;0
96;0;-342.4193;0;0;0;NaN;0;0;NaN;0;0;0;0;0;-342.4193;0
97;1;-2864.655;0;0;0;NaN;0;0;NaN;0;0;0;0;-2000;-364.6579;-500
98;1;-829.356;0;0;0;NaN;0;0;NaN;0;0;0;0;0;-329.3544;-500
99;3;-5342.422;0;0;0;NaN;0;0;NaN;0;0;0;0;-4000;-342.4193;-1000
100;1;-684.8447;0;0;0;NaN;0;0;NaN;0;0;0;0;0;-684.8447;0
101;0;-316.3631;0;0;0;NaN;0;0;NaN;0;0;0;0;0;-316.3631;0
102;2;-3342.419;0;0;0;NaN;0;0;NaN;0;0;0;0;-2000;-342.4193;-1000
103;1;-296.8604;0;6;6;6;0;0;NaN;1;0;0;20;0;-316.8603;0
104;0;-319.4371;0;8.333334;8.333334;8.333334;0;0;NaN;1;0;0;20;0;-339.4371;0
105;1;-842.421;0;0;0;NaN;0;0;NaN;0;0;0;0;0;-342.4193;-500
106;1;-2293.771;0;7.000001;7.000001;7.000001;0;0;NaN;1;0;0;20;-2000;-313.7721;0
107;1;-829.356;0;0;0;NaN;0;0;NaN;0;0;0;0;0;-329.3544;-500
108;1;-1158.712;0;0;0;NaN;0;0;NaN;0;0;0;0;0;-658.7137;-500
109;2;-3329.355;0;0;0;NaN;0;0;NaN;0;0;0;0;-2000;-329.3544;-1000
110;1;-252.4408;0;3.333333;3.333333;3.333333;0;0;NaN;1;0;0;20;0;-272.4408;0
111;0;-684.8447;0;0;0;NaN;0;0;NaN;0;0;0;0;0;-684.8447;0
112;2;-819.6343;0;7.666668;7.666668;7.666668;0;0;NaN;1;0;0;20;0;-339.6255;-500
113;1;-2266.745;0;1;1;1;0;0;NaN;1;0;0;20;-2000;-286.7425;0
114;1;-1132.727;0;0;0;NaN;0;0;NaN;0;0;0;0;0;-632.73;-500
115;1;-829.3611;0;0;0;NaN;0;0;NaN;0;0;0;0;0;-329.3544;-500
116;1;-829.3654;0;0;0;NaN;0;0;NaN;0;0;0;0;0;-329.3544;-500
117;2;-4743.508;0;0.3333333;0.3333333;0.3333333;0;0;NaN;1;0;0;20;-4000;-263.5058;-500
118;1;-829.3611;0;0;0;NaN;0;0;NaN;0;0;0;0;0;-329.3544;-500
119;1;-2816.361;0;0;0;NaN;0;0;NaN;0;0;0;0;-2000;-316.3631;-500
120;1;-842.421;0;0;0;NaN;0;0;NaN;0;0;0;0;0;-342.4193;-500
121;0;-306.4853;0;8.000001;8.000001;8.000001;0;0;NaN;1;0;0;20;0;-326.4853;0
122;0;-1209.823;0;0;0;NaN;0;0;NaN;0;0;0;0;0;-709.8229;-500
123;2;-2781.893;0;6.666667;6.666667;6.666667;0;0;NaN;1;0;0;20;-2000;-301.8843;-500
124;2;-2755.41;0;0.6666667;0.6666667;0.6666667;0;0;NaN;1;0;0;20;-2000;-275.4118;-500
125;0;-329.3544;0;0;0;NaN;0;0;NaN;0;0;0;0;0;-329.3544;0
126;1;-329.3544;0;0;0;NaN;0;0;NaN;0;0;0;0;0;-329.3544;0
127;1;-864.6651;0;0;0;NaN;0;0;NaN;0;0;0;0;0;-364.6579;-500
128;2;-3374.404;0;0;0;NaN;0;0;NaN;0;0;0;0;-2000;-374.4078;-1000
129;1;-816.3647;0;0;0;NaN;0;0;NaN;0;0;0;0;0;-316.3631;-500
130;2;-2842.418;0;0;0;NaN;0;0;NaN;0;0;0;0;-2000;-342.4193;-500
131;2;-2766.745;0;1;1;1;0;0;NaN;1;0;0;20;-2000;-286.7425;-500
132;0;-816.3632;0;0;0;NaN;0;0;NaN;0;0;0;0;0;-316.3631;-500
133;1;-1184.845;0;0;0;NaN;0;0;NaN;0;0;0;0;0;-684.8447;-500
134;2;-3342.421;0;0;0;NaN;0;0;NaN;0;0;0;0;-2000;-342.4193;-1000
135;1;-2266.745;0;1;1;1;0;0;NaN;1;0;0;20;-2000;-286.7425;0
136;0;-329.3544;0;0;0;NaN;0;0;NaN;0;0;0;0;0;-329.3544;0
137;2;-5329.354;0;0;0;NaN;0;0;NaN;0;0;0;0;-4000;-329.3544;-1000
138;1;-3158.71;0;0;0;NaN;0;0;NaN;0;0;0;0;-2000;-658.7137;-500
139;0;-329.3544;0;0;0;NaN;0;0;NaN;0;0;0;0;0;-329.3544;0
140;2;-1354.916;0;0;0;NaN;0;0;NaN;0;0;0;0;0;-354.908;-1000
141;1;-842.421;0;0;0;NaN;0;0;NaN;0;0;0;0;0;-342.4193;-500
142;3;-7829.354;0;0;0;NaN;0;0;NaN;0;0;0;0;-6000;-329.3544;-1500
143;0;-364.6579;0;0;0;NaN;0;0;NaN;0;0;0;0;0;-364.6579;0
144;1;-829.356;0;0;0;NaN;0;0;NaN;0;0;0;0;0;-329.3544;-500
145;0;-364.6579;0;0;0;NaN;0;0;NaN;0;0;0;0;0;-364.6579;0
146;1;-816.3647;0;0;0;NaN;0;0;NaN;0;0;0;0;0;-316.3631;-500
147;1;-1132.734;0;0;0;NaN;0;0;NaN;0;0;0;0;0;-632.73;-500
148;2;-1158.71;0;0;0;NaN;0;0;NaN;0;0;0;0;0;-658.7137;-500
149;1;-854.9147;0;0;0;NaN;0;0;NaN;0;0;0;0;0;-354.908;-500
150;1;-842.4261;0;0;0;NaN;0;0;NaN;0;0;0;0;0;-342.4193;-500
151;2;-1342.427;0;0;0;NaN;0;0;NaN;0;0;0;0;0;-342.4193;-1000
152;1;-342.4193;0;0;0;NaN;0;0;NaN;0;0;0;0;0;-342.4193;0
153;0;-329.3544;0;0;0;NaN;0;0;NaN;0;0;0;0;0;-329.3544;0
154;0;-319.4371;0;8.333334;8.333334;8.333334;0;0;NaN;1;0;0;20;0;-339.4371;0
155;2;-2743.512;0;0.3333333;0.3333333;0.3333333;0;0;NaN;1;0;0;20;-2000;-263.5058;-500
156;1;-816.3647;0;0;0;NaN;0;0;NaN;0;0;0;0;0;-316.3631;-500
157;1;-829.3611;0;0;0;NaN;0;0;NaN;0;0;0;0;0;-329.3544;-500
158;2;-3342.421;0;0;0;NaN;0;0;NaN;0;0;0;0;-2000;-342.4193;-1000
159;1;-854.9131;0;0;0;NaN;0;0;NaN;0;0;0;0;0;-354.908;-500
160;0;-306.4853;0;8.000001;8.000001;8.000001;0;0;NaN;1;0;0;20;0;-326.4853;0
161;2;-3354.908;0;0;0;NaN;0;0;NaN;0;0;0;0;-2000;-354.908;-1000
162;2;-2783.622;0;5.666667;5.666667;5.666667;0;0;NaN;1;0;0;20;-2000;-303.6177;-500
163;1;-491.6363;0;6.999999;6.999999;3.5;0;0;NaN;2;0;0;40;0;-531.6371;0
164;2;-806.3623;0;7.000001;7.000001;7.000001;0;0;NaN;1;0;0;20;0;-326.3536;-500
165;1;-816.374;0;0;0;NaN;0;0;NaN;0;0;0;0;0;-316.3631;-500
166;1;-1108.191;0;0;0;NaN;0;0;NaN;0;0;0;0;0;-608.1851;-500
167;1;-1132.742;0;0;0;NaN;0;0;NaN;0;0;0;0;0;-632.73;-500
168;1;-809.2458;0;9;9;9;0;0;NaN;1;0;0;20;0;-329.2374;-500
169;2;-1304.099;0;0;0;NaN;0;0;NaN;0;0;0;0;0;-304.0911;-1000
170;0;-608.1851;0;0;0;NaN;0;0;NaN;0;0;0;0;0;-608.1851;0
171;1;-816.3683;0;0;0;NaN;0;0;NaN;0;0;0;0;0;-316.3631;-500
172;1;-1184.855;0;0;0;NaN;0;0;NaN;0;0;0;0;0;-684.8447;-500
173;0;-632.73;0;0;0;NaN;0;0;NaN;0;0;0;0;0;-632.73;0
174;1;-829.3654;0;0;0;NaN;0;0;NaN;0;0;0;0;0;-329.3544;-500
175;1;-2804.09;0;0;0;NaN;0;0;NaN;0;0;0;0;-2000;-304.0911;-500
176;1;-1108.2;0;0;0;NaN;0;0;NaN;0;0;0;0;0;-608.1851;-500
177;2;-3316.364;0;0;0;NaN;0;0;NaN;0;0;0;0;-2000;-316.3631;-1000
178;2;-1000;0;0;0;NaN;0;0;NaN;0;0;0;0;0;0;-1000
179;0;-316.3631;0;0;0;NaN;0;0;NaN;0;0;0;0;0;-316.3631;0
180;2;-1632.742;0;0;0;NaN;0;0;NaN;0;0;0;0;0;-632.73;-1000
181;1;-829.3613;0;0;0;NaN;0;0;NaN;0;0;0;0;0;-329.3544;-500
182;1;-1108.2;0;0;0;NaN;0;0;NaN;0;0;0;0;0;-608.1851;-500
183;1;-304.7492;0;8.000001;8.000001;8.000001;0;0;NaN;1;0;0;20;0;-324.7492;0
184;2;-1316.371;0;0;0;NaN;0;0;NaN;0;0;0;0;0;-316.3631;-1000
185;2;-2829.353;0;0;0;NaN;0;0;NaN;0;0;0;0;-2000;-329.3544;-500
186;0;-354.908;0;0;0;NaN;0;0;NaN;0;0;0;0;0;-354.908;0
187;2;-3316.363;0;0;0;NaN;0;0;NaN;0;0;0;0;-2000;-316.3631;-1000
188;0;-304.0911;0;0;0;NaN;0;0;NaN;0;0;0;0;0;-304.0911;0
189;1;-829.3613;0;0;0;NaN;0;0;NaN;0;0;0;0;0;-329.3544;-500
190;1;-804.093;0;0;0;NaN;0;0;NaN;0;0;0;0;0;-304.0911;-500
191;1;-816.375;0;0;0;NaN;0;0;NaN;0;0;0;0;0;-316.3631;-500
192;1;-816.374;0;0;0;NaN;0;0;NaN;0;0;0;0;0;-316.3631;-500
193;1;-595.704;0;9.333333;9.333333;4.666667;0;0;NaN;2;0;0;40;0;-635.704;0
194;2;-1342.432;0;0;0;NaN;0;0;NaN;0;0;0;0;0;-342.4193;-1000
195;0;-304.0911;0;0;0;NaN;0;0;NaN;0;0;0;0;0;-304.0911;0
196;1;-816.3714;0;0;0;NaN;0;0;NaN;0;0;0;0;0;-316.3631;-500
197;1;-804.0993;0;0;0;NaN;0;0;NaN;0;0;0;0;0;-304.0911;-500
198;1;-816.3634;0;0;0;NaN;0;0;NaN;0;0;0;0;0;-316.3631;-500
199;1;-829.3628;0;0;0;NaN;0;0;NaN;0;0;0;0;0;-329.3544;-500
200;2;-3304.092;0;0;0;NaN;0;0;NaN;0;0;0;0;-2000;-304.0911;-1000
201;0;-342.4193;0;0;0;NaN;0;0;NaN;0;0;0;0;0;-342.4193;0
202;2;-816.3649;0;0;0;NaN;0;0;NaN;0;0;0;0;0;-316.3631;-500
203;2;-1209.821;0;0;0;NaN;0;0;NaN;0;0;0;0;0;-709.8229;-500
204;2;-1608.202;0;0;0;NaN;0;0;NaN;0;0;0;0;0;-608.1851;-1000
205;2;-3342.421;0;0;0;NaN;0;0;NaN;0;0;0;0;-2000;-342.4193;-1000
206;1;-842.4304;0;0;0;NaN;0;0;NaN;0;0;0;0;0;-342.4193;-500
207;1;-842.4263;0;0;0;NaN;0;0;NaN;0;0;0;0;0;-342.4193;-500
208;1;-500;0;0;0;NaN;0;0;NaN;0;0;0;0;0;0;-500
209;1;-500;0;0;0;NaN;0;0;NaN;0;0;0;0;0;0;-500
210;0;-316.3631;0;0;0;NaN;0;0;NaN;0;0;0;0;0;-316.3631;0
211;1;-842.423;0;0;0;NaN;0;0;NaN;0;0;0;0;0;-342.4193;-500
212;2;-3354.916;0;0;0;NaN;0;0;NaN;0;0;0;0;-2000;-354.908;-1000
213;3;-3329.358;0;0;0;NaN;0;0;NaN;0;0;0;0;-2000;-329.3544;-1000
214;1;-816.375;0;0;0;NaN;0;0;NaN;0;0;0;0;0;-316.3631;-500
215;2;-3329.363;0;0;0;NaN;0;0;NaN;0;0;0;0;-2000;-329.3544;-1000
216;1;-821.9468;0;9.333333;9.333333;9.333333;0;0;NaN;1;0;0;20;0;-341.934;-500
217;3;-3816.364;0;0;0;NaN;0;0;NaN;0;0;0;0;-2000;-316.3631;-1500
218;2;-3304.092;0;0;0;NaN;0;0;NaN;0;0;0;0;-2000;-304.0911;-1000
219;1;-816.3683;0;0;0;NaN;0;0;NaN;0;0;0;0;0;-316.3631;-500
220;1;-461.6314;0;2.333333;2.333333;1.166667;0;0;NaN;2;0;0;40;0;-501.6314;0
221;1;-842.4229;0;0;0;NaN;0;0;NaN;0;0;0;0;0;-342.4193;-500
222;0;-329.3544;0;0;0;NaN;0;0;NaN;0;0;0;0;0;-329.3544;0
223;2;-1632.739;0;0;0;NaN;0;0;NaN;0;0;0;0;0;-632.73;-1000
224;2;-1020.866;0;0;0;NaN;0;0;NaN;0;0;0;0;0;-20.865;-1000
225;0;-329.3544;0;0;0;NaN;0;0;NaN;0;0;0;0;0;-329.3544;0
226;3;-3520.863;0;0;0;NaN;0;0;NaN;0;0;0;0;-2000;-20.865;-1500
227;0;-316.3631;0;0;0;NaN;0;0;NaN;0;0;0;0;0;-316.3631;0
228;3;-5804.097;0;0;0;NaN;0;0;NaN;0;0;0;0;-4000;-304.0911;-1500
229;3;-5816.364;0;0;0;NaN;0;0;NaN;0;0;0;0;-4000;-316.3631;-1500
230;1;-549.9724;0;3;3;1.5;0;0;NaN;2;0;0;40;0;-589.9719;0
231;1;-277.9742;0;4;4;4;0;0;NaN;1;0;0;20;0;-297.974;0
232;1;-308.5245;0;6.333334;6.333334;6.333334;0;0;NaN;1;0;0;20;0;-328.5248;0
233;2;-1342.427;0;0;0;NaN;0;0;NaN;0;0;0;0;0;-342.4193;-1000
234;1;-250.7811;0;1.333333;1.333333;1.333333;0;0;NaN;1;0;0;20;0;-270.7812;0
235;2;-556.613;0;10.33333;10.33333;5.166667;0;0;NaN;2;0;0;40;0;-596.613;0
236;0;-283.6036;0;8.333334;8.333334;8.333334;0;0;NaN;1;0;0;20;0;-303.6036;0
237;0;-291.2428;0;0;0;NaN;0;0;NaN;0;0;0;0;0;-291.2428;0
238;2;-1329.362;0;0;0;NaN;0;0;NaN;0;0;0;0;0;-329.3544;-1000
239;2;-3316.363;0;0;0;NaN;0;0;NaN;0;0;0;0;-2000;-316.3631;-1000
240;2;-793.582;0;6.666667;6.666667;6.666667;0;0;NaN;1;0;0;20;0;-313.5727;-500
241;2;-273.7897;0;4.666667;4.666667;4.666667;0;0;NaN;1;0;0;20;0;-293.7898;0
242;3;-5269.503;0;2.666667;2.666667;2.666667;0;0;NaN;1;0;0;20;-4000;-289.5034;-1000
243;1;-1765.472;0;0;0;NaN;0;0;NaN;0;0;0;0;0;-1265.472;-500
244;1;-804.0931;0;0;0;NaN;0;0;NaN;0;0;0;0;0;-304.0911;-500
245;1;-816.3717;0;0;0;NaN;0;0;NaN;0;0;0;0;0;-316.3631;-500
246;2;-771.2552;0;5.333333;5.333333;5.333333;0;0;NaN;1;0;0;20;0;-291.2471;-500
247;3;-5778.461;0;0;0;NaN;0;0;NaN;0;0;0;0;-4000;-278.4682;-1500
248;1;-804.0981;0;0;0;NaN;0;0;NaN;0;0;0;0;0;-304.0911;-500
249;2;-2804.09;0;0;0;NaN;0;0;NaN;0;0;0;0;-2000;-304.0911;-500
250;0;-291.2428;0;0;0;NaN;0;0;NaN;0;0;0;0;0;-291.2428;0
251;3;-3791.242;0;0;0;NaN;0;0;NaN;0;0;0;0;-2000;-291.2428;-1500
252;1;-1100.012;0;23.33333;23.33333;5.833333;0;0;NaN;4;0;0;80;0;-1180.014;0
253;2;-1342.432;0;0;0;NaN;0;0;NaN;0;0;0;0;0;-342.4193;-1000
254;1;-816.375;0;0;0;NaN;0;0;NaN;0;0;0;0;0;-316.3631;-500
255;1;-243.6612;0;0.3333333;0.3333333;0.3333333;0;0;NaN;1;0;0;20;0;-263.6615;0
256;1;-816.3717;0;0;0;NaN;0;0;NaN;0;0;0;0;0;-316.3631;-500
257;1;-791.2509;0;0;0;NaN;0;0;NaN;0;0;0;0;0;-291.2428;-500
258;2;-1316.371;0;0;0;NaN;0;0;NaN;0;0;0;0;0;-316.3631;-1000
259;0;-354.908;0;0;0;NaN;0;0;NaN;0;0;0;0;0;-354.908;0
260;1;-829.3669;0;0;0;NaN;0;0;NaN;0;0;0;0;0;-329.3544;-500
261;0;-329.3544;0;0;0;NaN;0;0;NaN;0;0;0;0;0;-329.3544;0
262;1;-804.0995;0;0;0;NaN;0;0;NaN;0;0;0;0;0;-304.0911;-500
263;1;-2244.793;0;5.666667;5.666667;5.666667;0;0;NaN;1;0;0;20;-2000;-264.7932;0
264;3;-5829.35;0;0;0;NaN;0;0;NaN;0;0;0;0;-4000;-329.3544;-1500
265;0;-329.3544;0;0;0;NaN;0;0;NaN;0;0;0;0;0;-329.3544;0
266;2;-1316.375;0;0;0;NaN;0;0;NaN;0;0;0;0;0;-316.3631;-1000
267;2;-3342.42;0;0;0;NaN;0;0;NaN;0;0;0;0;-2000;-342.4193;-1000
268;1;-804.1025;0;0;0;NaN;0;0;NaN;0;0;0;0;0;-304.0911;-500
269;3;-5474.48;0;4.333333;4.333333;2.166667;0;0;NaN;2;0;0;40;-4000;-514.4727;-1000
270;2;-1316.37;0;0;0;NaN;0;0;NaN;0;0;0;0;0;-316.3631;-1000
271;0;-291.2428;0;0;0;NaN;0;0;NaN;0;0;0;0;0;-291.2428;0
272;1;-829.3599;0;0;0;NaN;0;0;NaN;0;0;0;0;0;-329.3544;-500
273;1;-816.3665;0;0;0;NaN;0;0;NaN;0;0;0;0;0;-316.3631;-500
274;1;-509.7499;0;0;0;NaN;0;0;NaN;0;0;0;0;0;-9.75;-500
275;0;-316.3631;0;0;0;NaN;0;0;NaN;0;0;0;0;0;-316.3631;0
276;2;-1582.498;0;0;0;NaN;0;0;NaN;0;0;0;0;0;-582.4875;-1000
277;1;-816.3632;0;0;0;NaN;0;0;NaN;0;0;0;0;0;-316.3631;-500
278;2;-1304.099;0;0;0;NaN;0;0;NaN;0;0;0;0;0;-304.0911;-1000
279;0;-632.73;0;0;0;NaN;0;0;NaN;0;0;0;0;0;-632.73;0
280;1;-842.4293;0;0;0;NaN;0;0;NaN;0;0;0;0;0;-342.4193;-500
281;1;-804.1025;0;0;0;NaN;0;0;NaN;0;0;0;0;0;-304.0911;-500
282;2;-1342.427;0;0;0;NaN;0;0;NaN;0;0;0;0;0;-342.4193;-1000
283;0;-316.3631;0;0;0;NaN;0;0;NaN;0;0;0;0;0;-316.3631;0
284;3;-3854.909;0;0;0;NaN;0;0;NaN;0;0;0;0;-2000;-354.908;-1500
285;1;-2778.471;0;0;0;NaN;0;0;NaN;0;0;0;0;-2000;-278.4682;-500
286;1;-829.3582;0;0;0;NaN;0;0;NaN;0;0;0;0;0;-329.3544;-500
287;1;-829.3578;0;0;0;NaN;0;0;NaN;0;0;0;0;0;-329.3544;-500
288;2;-1316.372;0;0;0;NaN;0;0;NaN;0;0;0;0;0;-316.3631;-1000
289;1;-269.6777;0;2.666667;2.666667;2.666667;0;0;NaN;1;0;0;20;0;-289.6777;0
290;0;-354.908;0;0;0;NaN;0;0;NaN;0;0;0;0;0;-354.908;0
291;1;-804.1025;0;0;0;NaN;0;0;NaN;0;0;0;0;0;-304.0911;-500
292;1;-842.4247;0;0;0;NaN;0;0;NaN;0;0;0;0;0;-342.4193;-500
293;2;-1371.852;0;19.66667;19.66667;6.555556;0;0;NaN;3;0;0;60;0;-931.8386;-500
294;1;-842.4294;0;0;0;NaN;0;0;NaN;0;0;0;0;0;-342.4193;-500
295;3;-5804.089;0;0;0;NaN;0;0;NaN;0;0;0;0;-4000;-304.0911;-1500
296;3;-5842.424;0;0;0;NaN;0;0;NaN;0;0;0;0;-4000;-342.4193;-1500
297;1;-329.3544;0;0;0;NaN;0;0;NaN;0;0;0;0;0;-329.3544;0
298;0;-329.3544;0;0;0;NaN;0;0;NaN;0;0;0;0;0;-329.3544;0
299;2;-1316.371;0;0;0;NaN;0;0;NaN;0;0;0;0;0;-316.3631;-1000
300;1;-804.0981;0;0;0;NaN;0;0;NaN;0;0;0;0;0;-304.0911;-500
301;2;-3316.365;0;0;0;NaN;0;0;NaN;0;0;0;0;-2000;-316.3631;-1000
302;1;-829.3547;0;0;0;NaN;0;0;NaN;0;0;0;0;0;-329.3544;-500
303;1;-1132.746;0;0;0;NaN;0;0;NaN;0;0;0;0;0;-632.73;-500
304;0;-658.7137;0;0;0;NaN;0;0;NaN;0;0;0;0;0;-658.7137;0
305;2;-3009.749;0;0;0;NaN;0;0;NaN;0;0;0;0;-2000;-9.75;-1000
306;2;-3329.355;0;0;0;NaN;0;0;NaN;0;0;0;0;-2000;-329.3544;-1000
307;0;-20.865;0;0;0;NaN;0;0;NaN;0;0;0;0;0;-20.865;0
308;1;-816.375;0;0;0;NaN;0;0;NaN;0;0;0;0;0;-316.3631;-500
309;1;-791.2537;0;0;0;NaN;0;0;NaN;0;0;0;0;0;-291.2428;-500
310;0;-329.3544;0;0;0;NaN;0;0;NaN;0;0;0;0;0;-329.3544;0
311;2;-1009.75;0;0;0;NaN;0;0;NaN;0;0;0;0;0;-9.75;-1000
312;2;-3329.358;0;0;0;NaN;0;0;NaN;0;0;0;0;-2000;-329.3544;-1000
313;2;-3354.909;0;0;0;NaN;0;0;NaN;0;0;0;0;-2000;-354.908;-1000
314;1;-574.5552;0;12.33333;12.33333;6.166667;0;0;NaN;2;0;0;40;0;-614.556;0
315;1;-292.3212;0;7.666668;7.666668;7.666668;0;0;NaN;1;0;0;20;0;-312.3212;0
316;1;-547.719;0;11.66667;11.66667;5.833334;0;0;NaN;2;0;0;40;0;-587.7187;0
317;2;-3082.485;0;0;0;NaN;0;0;NaN;0;0;0;0;-2000;-582.4875;-500
318;2;-1278.473;0;0;0;NaN;0;0;NaN;0;0;0;0;0;-278.4682;-1000
319;1;-829.3613;0;0;0;NaN;0;0;NaN;0;0;0;0;0;-329.3544;-500
320;0;-304.0911;0;0;0;NaN;0;0;NaN;0;0;0;0;0;-304.0911;0
321;2;-3329.356;0;0;0;NaN;0;0;NaN;0;0;0;0;-2000;-329.3544;-1000
322;2;-3329.356;0;0;0;NaN;0;0;NaN;0;0;0;0;-2000;-329.3544;-1000
323;1;-854.917;0;0;0;NaN;0;0;NaN;0;0;0;0;0;-354.908;-500
324;0;-608.1851;0;0;0;NaN;0;0;NaN;0;0;0;0;0;-608.1851;0
325;2;-1291.251;0;0;0;NaN;0;0;NaN;0;0;0;0;0;-291.2428;-1000
326;2;-1329.362;0;0;0;NaN;0;0;NaN;0;0;0;0;0;-329.3544;-1000
327;1;-804.1008;0;0;0;NaN;0;0;NaN;0;0;0;0;0;-304.0911;-500
328;2;-3266.41;0;0;0;NaN;0;0;NaN;0;0;0;0;-2000;-266.4129;-1000
329;0;-316.3631;0;0;0;NaN;0;0;NaN;0;0;0;0;0;-316.3631;0
330;2;-3278.471;0;0;0;NaN;0;0;NaN;0;0;0;0;-2000;-278.4682;-1000
331;2;-731.4778;0;5;5;5;0;0;NaN;1;0;0;20;0;-251.4716;-500
332;2;-1278.475;0;0;0;NaN;0;0;NaN;0;0;0;0;0;-278.4682;-1000
333;1;-829.3568;0;0;0;NaN;0;0;NaN;0;0;0;0;0;-329.3544;-500
334;0;-342.4193;0;0;0;NaN;0;0;NaN;0;0;0;0;0;-342.4193;0
335;1;-246.7816;0;4.666667;4.666667;4.666667;0;0;NaN;1;0;0;20;0;-266.7817;0
336;1;-829.3669;0;0;0;NaN;0;0;NaN;0;0;0;0;0;-329.3544;-500
337;2;-1316.371;0;0;0;NaN;0;0;NaN;0;0;0;0;0;-316.3631;-1000
338;1;-778.4734;0;0;0;NaN;0;0;NaN;0;0;0;0;0;-278.4682;-500
339;1;-816.3716;0;0;0;NaN;0;0;NaN;0;0;0;0;0;-316.3631;-500
340;1;-817.8324;0;13.33333;13.33333;4.444444;0;0;NaN;3;0;0;60;0;-877.8331;0
341;1;-546.3221;0;6.333333;6.333333;3.166667;0;0;NaN;2;0;0;40;0;-586.3221;0
342;1;-795.4536;0;8.333334;8.333334;8.333334;0;0;NaN;1;0;0;20;0;-315.4422;-500
343;1;-232.7805;0;1.666667;1.666667;1.666667;0;0;NaN;1;0;0;20;0;-252.7805;0
344;2;-1266.418;0;0;0;NaN;0;0;NaN;0;0;0;0;0;-266.4129;-1000
345;1;-816.3705;0;0;0;NaN;0;0;NaN;0;0;0;0;0;-316.3631;-500
346;2;-1316.37;0;0;0;NaN;0;0;NaN;0;0;0;0;0;-316.3631;-1000
347;0;-316.3631;0;0;0;NaN;0;0;NaN;0;0;0;0;0;-316.3631;0
348;1;-829.3563;0;0;0;NaN;0;0;NaN;0;0;0;0;0;-329.3544;-500
349;1;-791.2468;0;0;0;NaN;0;0;NaN;0;0;0;0;0;-291.2428;-500
350;0;-291.2428;0;0;0;NaN;0;0;NaN;0;0;0;0;0;-291.2428;0
351;0;-316.3631;0;0;0;NaN;0;0;NaN;0;0;0;0;0;-316.3631;0
352;2;-732.9362;0;4.333333;4.333333;4.333333;0;0;NaN;1;0;0;20;0;-252.931;-500
353;1;-816.3745;0;0;0;NaN;0;0;NaN;0;0;0;0;0;-316.3631;-500
354;1;-271.2471;0;5.333333;5.333333;5.333333;0;0;NaN;1;0;0;20;0;-291.2471;0
355;2;-3000;0;0;0;NaN;0;0;NaN;0;0;0;0;-2000;0;-1000
356;1;-1108.192;0;0;0;NaN;0;0;NaN;0;0;0;0;0;-608.1851;-500
357;2;-3291.243;0;0;0;NaN;0;0;NaN;0;0;0;0;-2000;-291.2428;-1000
358;3;-7237.503;0;1;1;1;0;0;NaN;1;0;0;20;-6000;-257.5033;-1000
359;2;-1291.251;0;0;0;NaN;0;0;NaN;0;0;0;0;0;-291.2428;-1000
360;1;-260.1007;0;4;4;4;0;0;NaN;1;0;0;20;0;-280.1006;0
361;1;-829.3656;0;0;0;NaN;0;0;NaN;0;0;0;0;0;-329.3544;-500
362;2;-1304.099;0;0;0;NaN;0;0;NaN;0;0;0;0;0;-304.0911;-1000
363;1;-829.3656;0;0;0;NaN;0;0;NaN;0;0;0;0;0;-329.3544;-500
364;1;-791.2537;0;0;0;NaN;0;0;NaN;0;0;0;0;0;-291.2428;-500
365;1;-864.6674;0;0;0;NaN;0;0;NaN;0;0;0;0;0;-364.6579;-500
366;1;-753.7906;0;0;0;NaN;0;0;NaN;0;0;0;0;0;-253.7813;-500
367;2;-3329.356;0;0;0;NaN;0;0;NaN;0;0;0;0;-2000;-329.3544;-1000
368;1;-842.4246;0;0;0;NaN;0;0;NaN;0;0;0;0;0;-342.4193;-500
369;0;-304.0911;0;0;0;NaN;0;0;NaN;0;0;0;0;0;-304.0911;0
370;2;-1158.716;0;0;0;NaN;0;0;NaN;0;0;0;0;0;-658.7137;-500
371;2;-1354.92;0;0;0;NaN;0;0;NaN;0;0;0;0;0;-354.908;-1000
372;1;-816.3683;0;0;0;NaN;0;0;NaN;0;0;0;0;0;-316.3631;-500
373;3;-5816.362;0;0;0;NaN;0;0;NaN;0;0;0;0;-4000;-316.3631;-1500
374;1;-2816.362;0;0;0;NaN;0;0;NaN;0;0;0;0;-2000;-316.3631;-500
375;2;-1632.741;0;0;0;NaN;0;0;NaN;0;0;0;0;0;-632.73;-1000
376;0;-278.4682;0;0;0;NaN;0;0;NaN;0;0;0;0;0;-278.4682;0
377;1;-489.2355;0;1;1;0.5;0;0;NaN;2;0;0;40;0;-529.2364;0
378;1;-804.098;0;0;0;NaN;0;0;NaN;0;0;0;0;0;-304.0911;-500
379;2;-3316.364;0;0;0;NaN;0;0;NaN;0;0;0;0;-2000;-316.3631;-1000
380;1;-485.7286;0;6.333333;6.333333;3.166667;0;0;NaN;2;0;0;40;0;-525.7288;0
381;2;-1278.478;0;0;0;NaN;0;0;NaN;0;0;0;0;0;-278.4682;-1000
382;2;-1316.37;0;0;0;NaN;0;0;NaN;0;0;0;0;0;-316.3631;-1000
383;1;-1132.735;0;0;0;NaN;0;0;NaN;0;0;0;0;0;-632.73;-500
384;1;-816.3727;0;0;0;NaN;0;0;NaN;0;0;0;0;0;-316.3631;-500
385;2;-1632.741;0;0;0;NaN;0;0;NaN;0;0;0;0;0;-632.73;-1000
386;1;-520.8652;0;0;0;NaN;0;0;NaN;0;0;0;0;0;-20.865;-500
387;1;-829.3563;0;0;0;NaN;0;0;NaN;0;0;0;0;0;-329.3544;-500
388;1;-520.8652;0;0;0;NaN;0;0;NaN;0;0;0;0;0;-20.865;-500
389;1;-816.3683;0;0;0;NaN;0;0;NaN;0;0;0;0;0;-316.3631;-500
390;2;-740.7998;0;6;6;6;0;0;NaN;1;0;0;20;0;-260.7908;-500
391;1;-816.375;0;0;0;NaN;0;0;NaN;0;0;0;0;0;-316.3631;-500
392;1;-500;0;0;0;NaN;0;0;NaN;0;0;0;0;0;0;-500
393;2;-2980.374;0;2.666667;2.666667;1.333333;0;0;NaN;2;0;0;40;-2000;-520.3822;-500
394;0;-342.4193;0;0;0;NaN;0;0;NaN;0;0;0;0;0;-342.4193;0
395;1;-508.5263;0;6.999999;6.999999;3.5;0;0;NaN;2;0;0;40;0;-548.5268;0
396;3;-6132.709;0;0;0;NaN;0;0;NaN;0;0;0;0;-4000;-632.73;-1500
397;0;-304.0911;0;0;0;NaN;0;0;NaN;0;0;0;0;0;-304.0911;0
398;1;-770.8377;0;8.000001;8.000001;8.000001;0;0;NaN;1;0;0;20;0;-290.8268;-500
399;2;-3532.826;0;0;0;NaN;0;0;NaN;0;0;0;0;-2000;-532.8256;-1000
400;0;-329.3544;0;0;0;NaN;0;0;NaN;0;0;0;0;0;-329.3544;0
401;2;-1304.099;0;0;0;NaN;0;0;NaN;0;0;0;0;0;-304.0911;-1000
402;0;-316.3631;0;0;0;NaN;0;0;NaN;0;0;0;0;0;-316.3631;0
403;2;-3658.715;0;0;0;NaN;0;0;NaN;0;0;0;0;-2000;-658.7137;-1000
404;1;-854.9137;0;0;0;NaN;0;0;NaN;0;0;0;0;0;-354.908;-500
405;1;-804.0983;0;0;0;NaN;0;0;NaN;0;0;0;0;0;-304.0911;-500
406;1;-778.4753;0;0;0;NaN;0;0;NaN;0;0;0;0;0;-278.4682;-500
407;1;-829.3584;0;0;0;NaN;0;0;NaN;0;0;0;0;0;-329.3544;-500
408;2;-3291.242;0;0;0;NaN;0;0;NaN;0;0;0;0;-2000;-291.2428;-1000
409;2;-2716.531;0;4.333333;4.333333;4.333333;0;0;NaN;1;0;0;20;-2000;-236.5268;-500
410;2;-1316.375;0;0;0;NaN;0;0;NaN;0;0;0;0;0;-316.3631;-1000
411;1;-791.2499;0;0;0;NaN;0;0;NaN;0;0;0;0;0;-291.2428;-500
412;1;-753.7894;0;0;0;NaN;0;0;NaN;0;0;0;0;0;-253.7813;-500
413;1;-753.788;0;0;0;NaN;0;0;NaN;0;0;0;0;0;-253.7813;-500
414;0;-329.3544;0;0;0;NaN;0;0;NaN;0;0;0;0;0;-329.3544;0
415;1;-829.3613;0;0;0;NaN;0;0;NaN;0;0;0;0;0;-329.3544;-500
416;2;-3266.414;0;0;0;NaN;0;0;NaN;0;0;0;0;-2000;-266.4129;-1000
417;1;-816.3684;0;0;0;NaN;0;0;NaN;0;0;0;0;0;-316.3631;-500
418;1;-829.3584;0;0;0;NaN;0;0;NaN;0;0;0;0;0;-329.3544;-500
419;1;-201.3151;0;2.666667;2.666667;2.666667;0;0;NaN;1;0;0;20;0;-221.3152;0
420;2;-1582.501;0;0;0;NaN;0;0;NaN;0;0;0;0;0;-582.4875;-1000
421;4;-8304.091;0;0;0;NaN;0;0;NaN;0;0;0;0;-6000;-304.0911;-2000
422;2;-1329.361;0;0;0;NaN;0;0;NaN;0;0;0;0;0;-329.3544;-1000
423;2;-816.37;0;0;0;NaN;0;0;NaN;0;0;0;0;0;-316.3631;-500
424;1;-207.9591;0;1;1;1;0;0;NaN;1;0;0;20;0;-227.9592;0
425;1;-241.1929;0;6;6;6;0;0;NaN;1;0;0;20;0;-261.1928;0
426;0;-316.3631;0;0;0;NaN;0;0;NaN;0;0;0;0;0;-316.3631;0
427;1;-2829.357;0;0;0;NaN;0;0;NaN;0;0;0;0;-2000;-329.3544;-500
428;1;-791.2538;0;0;0;NaN;0;0;NaN;0;0;0;0;0;-291.2428;-500
429;0;-342.4193;0;0;0;NaN;0;0;NaN;0;0;0;0;0;-342.4193;0
430;1;-1033.156;0;14.33334;14.33334;7.166668;0;0;NaN;2;0;0;40;0;-573.1382;-500
431;2;-3278.471;0;0;0;NaN;0;0;NaN;0;0;0;0;-2000;-278.4682;-1000
432;2;-3291.242;0;0;0;NaN;0;0;NaN;0;0;0;0;-2000;-291.2428;-1000
433;1;-766.4185;0;0;0;NaN;0;0;NaN;0;0;0;0;0;-266.4129;-500
434;2;-1304.097;0;0;0;NaN;0;0;NaN;0;0;0;0;0;-304.0911;-1000
435;2;-1291.25;0;0;0;NaN;0;0;NaN;0;0;0;0;0;-291.2428;-1000
436;1;-2854.906;0;0;0;NaN;0;0;NaN;0;0;0;0;-2000;-354.908;-500
437;2;-1304.099;0;0;0;NaN;0;0;NaN;0;0;0;0;0;-304.0911;-1000
438;1;-791.2432;0;0;0;NaN;0;0;NaN;0;0;0;0;0;-291.2428;-500
439;0;-308.3967;0;8.666667;8.666667;8.666667;0;0;NaN;1;0;0;20;0;-328.3967;0
440;1;-1082.497;0;0;0;NaN;0;0;NaN;0;0;0;0;0;-582.4875;-500
441;2;-735.9605;0;0.6666667;0.6666667;0.6666667;0;0;NaN;1;0;0;20;0;-255.9608;-500
442;1;-795.9243;0;8.666667;8.666667;8.666667;0;0;NaN;1;0;0;20;0;-315.9124;-500
443;1;-791.2513;0;0;0;NaN;0;0;NaN;0;0;0;0;0;-291.2428;-500
444;3;-5804.097;0;0;0;NaN;0;0;NaN;0;0;0;0;-4000;-304.0911;-1500
445;1;-791.2525;0;0;0;NaN;0;0;NaN;0;0;0;0;0;-291.2428;-500
446;1;-519.5002;0;0;0;NaN;0;0;NaN;0;0;0;0;0;-19.49999;-500
447;1;-741.2322;0;0;0;NaN;0;0;NaN;0;0;0;0;0;-241.2233;-500
448;1;-816.3672;0;0;0;NaN;0;0;NaN;0;0;0;0;0;-316.3631;-500
449;1;-273.5994;0;4.666667;4.666667;4.666667;0;0;NaN;1;0;0;20;0;-293.5994;0
450;2;-1019.025;0;12.33333;12.33333;6.166667;0;0;NaN;2;0;0;40;0;-559.0065;-500
451;1;-804.1025;0;0;0;NaN;0;0;NaN;0;0;0;0;0;-304.0911;-500
452;1;-854.9152;0;0;0;NaN;0;0;NaN;0;0;0;0;0;-354.908;-500
453;2;-1304.098;0;0;0;NaN;0;0;NaN;0;0;0;0;0;-304.0911;-1000
454;1;-816.3705;0;0;0;NaN;0;0;NaN;0;0;0;0;0;-316.3631;-500
455;1;-791.2473;0;0;0;NaN;0;0;NaN;0;0;0;0;0;-291.2428;-500
456;0;-316.3631;0;0;0;NaN;0;0;NaN;0;0;0;0;0;-316.3631;0
457;1;-778.4778;0;0;0;NaN;0;0;NaN;0;0;0;0;0;-278.4682;-500
458;1;-1132.736;0;0;0;NaN;0;0;NaN;0;0;0;0;0;-632.73;-500
459;0;-316.3631;0;0;0;NaN;0;0;NaN;0;0;0;0;0;-316.3631;0
460;0;-308.7108;0;9;9;9;0;0;NaN;1;0;0;20;0;-328.7108;0
461;1;-778.4786;0;0;0;NaN;0;0;NaN;0;0;0;0;0;-278.4682;-500
462;0;-278.4682;0;0;0;NaN;0;0;NaN;0;0;0;0;0;-278.4682;0
463;1;-502.7187;0;3;3;1.5;0;0;NaN;2;0;0;40;0;-542.7186;0
464;1;-816.3669;0;0;0;NaN;0;0;NaN;0;0;0;0;0;-316.3631;-500
465;1;-791.2498;0;0;0;NaN;0;0;NaN;0;0;0;0;0;-291.2428;-500
466;1;-816.3637;0;0;0;NaN;0;0;NaN;0;0;0;0;0;-316.3631;-500
467;1;-509.7499;0;0;0;NaN;0;0;NaN;0;0;0;0;0;-9.75;-500
468;0;-329.3544;0;0;0;NaN;0;0;NaN;0;0;0;0;0;-329.3544;0
469;2;-3009.749;0;0;0;NaN;0;0;NaN;0;0;0;0;-2000;-9.75;-1000
470;0;-304.0911;0;0;0;NaN;0;0;NaN;0;0;0;0;0;-304.0911;0
471;0;-266.4129;0;0;0;NaN;0;0;NaN;0;0;0;0;0;-266.4129;0
472;1;-804.0968;0;0;0;NaN;0;0;NaN;0;0;0;0;0;-304.0911;-500
473;1;-842.431;0;0;0;NaN;0;0;NaN;0;0;0;0;0;-342.4193;-500
474;1;-258.0658;0;4;4;4;0;0;NaN;1;0;0;20;0;-278.0656;0
475;3;-6929.373;0;0;0;NaN;0;0;NaN;0;0;0;0;-4000;-1429.401;-1500
476;1;-804.1026;0;0;0;NaN;0;0;NaN;0;0;0;0;0;-304.0911;-500
477;1;-791.2501;0;0;0;NaN;0;0;NaN;0;0;0;0;0;-291.2428;-500
478;1;-816.3719;0;0;0;NaN;0;0;NaN;0;0;0;0;0;-316.3631;-500
479;1;-278.4682;0;0;0;NaN;0;0;NaN;0;0;0;0;0;-278.4682;0
480;2;-3532.828;0;0;0;NaN;0;0;NaN;0;0;0;0;-2000;-532.8256;-1000
481;1;-816.375;0;0;0;NaN;0;0;NaN;0;0;0;0;0;-316.3631;-500
482;2;-2759.911;0;4;4;4;0;0;NaN;1;0;0;20;-2000;-279.9156;-500
483;3;-5829.354;0;0;0;NaN;0;0;NaN;0;0;0;0;-4000;-329.3544;-1500
484;1;-238.4205;0;2.666667;2.666667;2.666667;0;0;NaN;1;0;0;20;0;-258.4207;0
485;1;-259.5701;0;1.333333;1.333333;1.333333;0;0;NaN;1;0;0;20;0;-279.5703;0
486;1;-1056.941;0;0;0;NaN;0;0;NaN;0;0;0;0;0;-556.9372;-500
487;1;-766.4212;0;0;0;NaN;0;0;NaN;0;0;0;0;0;-266.4129;-500
488;1;-829.3646;0;0;0;NaN;0;0;NaN;0;0;0;0;0;-329.3544;-500
489;1;-766.4185;0;0;0;NaN;0;0;NaN;0;0;0;0;0;-266.4129;-500
490;2;-3253.778;0;0;0;NaN;0;0;NaN;0;0;0;0;-2000;-253.7813;-1000
491;1;-791.2449;0;0;0;NaN;0;0;NaN;0;0;0;0;0;-291.2428;-500
492;1;-791.2537;0;0;0;NaN;0;0;NaN;0;0;0;0;0;-291.2428;-500
493;1;-753.7907;0;0;0;NaN;0;0;NaN;0;0;0;0;0;-253.7813;-500
494;1;-720.4487;0;6.333334;6.333334;6.333334;0;0;NaN;1;0;0;20;0;-240.4411;-500
495;1;-829.3634;0;0;0;NaN;0;0;NaN;0;0;0;0;0;-329.3544;-500
496;2;-1329.361;0;0;0;NaN;0;0;NaN;0;0;0;0;0;-329.3544;-1000
497;1;-1007.569;0;0;0;NaN;0;0;NaN;0;0;0;0;0;-507.5615;-500
498;0;-304.0911;0;0;0;NaN;0;0;NaN;0;0;0;0;0;-304.0911;0
499;1;-1108.189;0;0;0;NaN;0;0;NaN;0;0;0;0;0;-608.1851;-500
500;1;-729.3911;0;0;0;NaN;0;0;NaN;0;0;0;0;0;-229.3847;-500
501;1;-791.2467;0;0;0;NaN;0;0;NaN;0;0;0;0;0;-291.2428;-500
502;1;-816.3709;0;0;0;NaN;0;0;NaN;0;0;0;0;0;-316.3631;-500
503;2;-3329.357;0;0;0;NaN;0;0;NaN;0;0;0;0;-2000;-329.3544;-1000
504;1;-770.8377;0;8.000001;8.000001;8.000001;0;0;NaN;1;0;0;20;0;-290.8268;-500
505;1;-291.2428;0;0;0;NaN;0;0;NaN;0;0;0;0;0;-291.2428;0
506;0;-253.7813;0;0;0;NaN;0;0;NaN;0;0;0;0;0;-253.7813;0
507;1;-1137.32;0;8.666667;8.666667;8.666667;0;0;NaN;1;0;0;20;0;-657.3053;-500
508;1;-816.375;0;0;0;NaN;0;0;NaN;0;0;0;0;0;-316.3631;-500
509;1;-778.472;0;0;0;NaN;0;0;NaN;0;0;0;0;0;-278.4682;-500
510;2;-3342.42;0;0;0;NaN;0;0;NaN;0;0;0;0;-2000;-342.4193;-1000
511;1;-278.4682;0;0;0;NaN;0;0;NaN;0;0;0;0;0;-278.4682;0
512;2;-1253.789;0;0;0;NaN;0;0;NaN;0;0;0;0;0;-253.7813;-1000
513;1;-778.4687;0;0;0;NaN;0;0;NaN;0;0;0;0;0;-278.4682;-500
514;1;-778.4753;0;0;0;NaN;0;0;NaN;0;0;0;0;0;-278.4682;-500
515;2;-2722.056;0;3;3;3;0;0;NaN;1;0;0;20;-2000;-242.0541;-500
516;1;-766.4167;0;0;0;NaN;0;0;NaN;0;0;0;0;0;-266.4129;-500
517;1;-842.4286;0;0;0;NaN;0;0;NaN;0;0;0;0;0;-342.4193;-500
518;1;-791.2501;0;0;0;NaN;0;0;NaN;0;0;0;0;0;-291.2428;-500
519;0;-291.2428;0;0;0;NaN;0;0;NaN;0;0;0;0;0;-291.2428;0
520;2;-2804.09;0;0;0;NaN;0;0;NaN;0;0;0;0;-2000;-304.0911;-500
521;0;-291.2428;0;0;0;NaN;0;0;NaN;0;0;0;0;0;-291.2428;0
522;1;-249.2243;0;2.666667;2.666667;2.666667;0;0;NaN;1;0;0;20;0;-269.2244;0
523;4;-5816.36;0;0;0;NaN;0;0;NaN;0;0;0;0;-4000;-316.3631;-1500
524;1;-778.4739;0;0;0;NaN;0;0;NaN;0;0;0;0;0;-278.4682;-500
525;1;-804.1025;0;0;0;NaN;0;0;NaN;0;0;0;0;0;-304.0911;-500
526;1;-1373.748;0;0;0;NaN;0;0;NaN;0;0;0;0;0;-873.7413;-500
527;1;-520.8652;0;0;0;NaN;0;0;NaN;0;0;0;0;0;-20.865;-500
528;1;-958.7831;0;0;0;NaN;0;0;NaN;0;0;0;0;0;-458.7684;-500
529;2;-1316.371;0;0;0;NaN;0;0;NaN;0;0;0;0;0;-316.3631;-1000
530;3;-5829.35;0;0;0;NaN;0;0;NaN;0;0;0;0;-4000;-329.3544;-1500
531;1;-1056.949;0;0;0;NaN;0;0;NaN;0;0;0;0;0;-556.9372;-500
532;1;-232.7805;0;1.666667;1.666667;1.666667;0;0;NaN;1;0;0;20;0;-252.7805;0
533;1;-842.4283;0;0;0;NaN;0;0;NaN;0;0;0;0;0;-342.4193;-500
534;1;-1082.488;0;0;0;NaN;0;0;NaN;0;0;0;0;0;-582.4875;-500
535;2;-1291.253;0;0;0;NaN;0;0;NaN;0;0;0;0;0;-291.2428;-1000
536;1;-778.4744;0;0;0;NaN;0;0;NaN;0;0;0;0;0;-278.4682;-500
537;3;-5243.256;0;1.666667;1.666667;1.666667;0;0;NaN;1;0;0;20;-4000;-263.2576;-1000
538;2;-2723.65;0;3;3;3;0;0;NaN;1;0;0;20;-2000;-243.6471;-500
539;1;-804.1025;0;0;0;NaN;0;0;NaN;0;0;0;0;0;-304.0911;-500
540;1;-804.1025;0;0;0;NaN;0;0;NaN;0;0;0;0;0;-304.0911;-500
541;1;-329.3544;0;0;0;NaN;0;0;NaN;0;0;0;0;0;-329.3544;0
542;1;-791.2516;0;0;0;NaN;0;0;NaN;0;0;0;0;0;-291.2428;-500
543;2;-1278.475;0;0;0;NaN;0;0;NaN;0;0;0;0;0;-278.4682;-1000
544;1;-829.3647;0;0;0;NaN;0;0;NaN;0;0;0;0;0;-329.3544;-500
545;1;-1363.741;0;15;15;7.500001;0;0;NaN;2;0;0;40;0;-903.7378;-500
546;2;-1304.097;0;0;0;NaN;0;0;NaN;0;0;0;0;0;-304.0911;-1000
547;0;-304.0911;0;0;0;NaN;0;0;NaN;0;0;0;0;0;-304.0911;0
548;2;-3009.749;0;0;0;NaN;0;0;NaN;0;0;0;0;-2000;-9.75;-1000
549;1;-1428.489;0;8.666667;8.666667;8.666667;0;0;NaN;1;0;0;20;0;-948.4854;-500
550;1;-2500;0;0;0;NaN;0;0;NaN;0;0;0;0;-2000;0;-500
551;3;-3816.364;0;0;0;NaN;0;0;NaN;0;0;0;0;-2000;-316.3631;-1500
552;2;-4687.197;0;2;2;2;0;0;NaN;1;0;0;20;-4000;-207.1996;-500
553;2;-765.517;0;5.666667;5.666667;5.666667;0;0;NaN;1;0;0;20;0;-285.5092;-500
554;2;-1354.915;0;0;0;NaN;0;0;NaN;0;0;0;0;0;-354.908;-1000
555;3;-5476.169;0;1.666667;1.666667;0.8333334;0;0;NaN;2;0;0;40;-4000;-516.175;-1000
556;0;0;0;0;0;NaN;0;0;NaN;0;0;0;0;0;0;0
557;2;-3304.089;0;0;0;NaN;0;0;NaN;0;0;0;0;-2000;-304.0911;-1000
558;1;-770.1044;0;7.666668;7.666668;7.666668;0;0;NaN;1;0;0;20;0;-290.0966;-500
559;1;-791.2437;0;0;0;NaN;0;0;NaN;0;0;0;0;0;-291.2428;-500
560;2;-3507.562;0;0;0;NaN;0;0;NaN;0;0;0;0;-2000;-507.5615;-1000
561;2;-3278.471;0;0;0;NaN;0;0;NaN;0;0;0;0;-2000;-278.4682;-1000
562;1;-1132.732;0;0;0;NaN;0;0;NaN;0;0;0;0;0;-632.73;-500
563;2;-3304.092;0;0;0;NaN;0;0;NaN;0;0;0;0;-2000;-304.0911;-1000
564;1;-2816.362;0;0;0;NaN;0;0;NaN;0;0;0;0;-2000;-316.3631;-500
565;2;-1278.478;0;0;0;NaN;0;0;NaN;0;0;0;0;0;-278.4682;-1000
566;1;-842.427;0;0;0;NaN;0;0;NaN;0;0;0;0;0;-342.4193;-500
567;0;-257.6101;0;7.333334;7.333334;7.333334;0;0;NaN;1;0;0;20;0;-277.6101;0
568;1;-753.7907;0;0;0;NaN;0;0;NaN;0;0;0;0;0;-253.7813;-500
569;2;-2789.301;0;6.333334;6.333334;6.333334;0;0;NaN;1;0;0;20;-2000;-309.2939;-500
570;2;-1253.786;0;0;0;NaN;0;0;NaN;0;0;0;0;0;-253.7813;-1000
571;1;-184.9603;0;1.666667;1.666667;1.666667;0;0;NaN;1;0;0;20;0;-204.9603;0
572;1;-766.4168;0;0;0;NaN;0;0;NaN;0;0;0;0;0;-266.4129;-500
573;1;-1008.604;0;13.66667;13.66667;6.833334;0;0;NaN;2;0;0;40;0;-548.586;-500
574;3;-5753.79;0;0;0;NaN;0;0;NaN;0;0;0;0;-4000;-253.7813;-1500
575;3;-4695.689;0;4;4;4;0;0;NaN;1;0;0;20;-4000;-215.6889;-500
576;1;-1184.843;0;0;0;NaN;0;0;NaN;0;0;0;0;0;-684.8447;-500
577;2;-1316.371;0;0;0;NaN;0;0;NaN;0;0;0;0;0;-316.3631;-1000
578;1;-741.2239;0;0;0;NaN;0;0;NaN;0;0;0;0;0;-241.2233;-500
579;2;-3582.484;0;0;0;NaN;0;0;NaN;0;0;0;0;-2000;-582.4875;-1000
580;0;-278.4682;0;0;0;NaN;0;0;NaN;0;0;0;0;0;-278.4682;0
581;0;-241.2233;0;0;0;NaN;0;0;NaN;0;0;0;0;0;-241.2233;0
582;1;-778.4688;0;0;0;NaN;0;0;NaN;0;0;0;0;0;-278.4682;-500
583;2;-1304.101;0;0;0;NaN;0;0;NaN;0;0;0;0;0;-304.0911;-1000
584;1;-804.1013;0;0;0;NaN;0;0;NaN;0;0;0;0;0;-304.0911;-500
585;2;-225.2019;0;3.333333;3.333333;3.333333;0;0;NaN;1;0;0;20;0;-245.2017;0
586;1;-804.1021;0;0;0;NaN;0;0;NaN;0;0;0;0;0;-304.0911;-500
587;1;-741.23;0;0;0;NaN;0;0;NaN;0;0;0;0;0;-241.2233;-500
588;2;-804.093;0;0;0;NaN;0;0;NaN;0;0;0;0;0;-304.0911;-500
589;2;-1291.251;0;0;0;NaN;0;0;NaN;0;0;0;0;0;-291.2428;-1000
590;2;-1291.251;0;0;0;NaN;0;0;NaN;0;0;0;0;0;-291.2428;-1000
591;1;-842.4266;0;0;0;NaN;0;0;NaN;0;0;0;0;0;-342.4193;-500
592;1;-766.4196;0;0;0;NaN;0;0;NaN;0;0;0;0;0;-266.4129;-500
593;1;-186.4573;0;1.666667;1.666667;1.666667;0;0;NaN;1;0;0;20;0;-206.4573;0
594;0;-253.7813;0;0;0;NaN;0;0;NaN;0;0;0;0;0;-253.7813;0
595;2;-1253.79;0;0;0;NaN;0;0;NaN;0;0;0;0;0;-253.7813;-1000
596;2;-3278.471;0;0;0;NaN;0;0;NaN;0;0;0;0;-2000;-278.4682;-1000
597;0;-241.2233;0;0;0;NaN;0;0;NaN;0;0;0;0;0;-241.2233;0
598;1;-829.3604;0;0;0;NaN;0;0;NaN;0;0;0;0;0;-329.3544;-500
599;2;-1291.251;0;0;0;NaN;0;0;NaN;0;0;0;0;0;-291.2428;-1000
600;1;-212.1958;0;2.666667;2.666667;2.666667;0;0;NaN;1;0;0;20;0;-232.1958;0
601;1;-228.7447;0;2.333333;2.333333;2.333333;0;0;NaN;1;0;0;20;0;-248.7445;0
602;2;-1304.102;0;0;0;NaN;0;0;NaN;0;0;0;0;0;-304.0911;-1000
603;1;-236.71;0;2.333333;2.333333;2.333333;0;0;NaN;1;0;0;20;0;-256.7099;0
604;1;-816.3703;0;0;0;NaN;0;0;NaN;0;0;0;0;0;-316.3631;-500
605;0;-266.4129;0;0;0;NaN;0;0;NaN;0;0;0;0;0;-266.4129;0
606;1;-778.4781;0;0;0;NaN;0;0;NaN;0;0;0;0;0;-278.4682;-500
607;1;-1056.951;0;0;0;NaN;0;0;NaN;0;0;0;0;0;-556.9372;-500
608;1;-520.8652;0;0;0;NaN;0;0;NaN;0;0;0;0;0;-20.865;-500
609;1;-729.3889;0;0;0;NaN;0;0;NaN;0;0;0;0;0;-229.3847;-500
610;2;-1316.371;0;0;0;NaN;0;0;NaN;0;0;0;0;0;-316.3631;-1000
611;1;-829.3568;0;0;0;NaN;0;0;NaN;0;0;0;0;0;-329.3544;-500
612;1;-766.4228;0;0;0;NaN;0;0;NaN;0;0;0;0;0;-266.4129;-500
613;1;-791.2484;0;0;0;NaN;0;0;NaN;0;0;0;0;0;-291.2428;-500
614;1;-854.9184;0;0;0;NaN;0;0;NaN;0;0;0;0;0;-354.908;-500
615;1;-778.4752;0;0;0;NaN;0;0;NaN;0;0;0;0;0;-278.4682;-500
616;1;-791.2454;0;0;0;NaN;0;0;NaN;0;0;0;0;0;-291.2428;-500
617;1;-753.7886;0;0;0;NaN;0;0;NaN;0;0;0;0;0;-253.7813;-500
618;0;-291.2428;0;0;0;NaN;0;0;NaN;0;0;0;0;0;-291.2428;0
619;1;-240.5499;0;5;5;5;0;0;NaN;1;0;0;20;0;-260.55;0
620;2;-3304.091;0;0;0;NaN;0;0;NaN;0;0;0;0;-2000;-304.0911;-1000
621;1;-804.0965;0;0;0;NaN;0;0;NaN;0;0;0;0;0;-304.0911;-500
622;1;-273.7897;0;4.666667;4.666667;4.666667;0;0;NaN;1;0;0;20;0;-293.7898;0
623;2;-695.083;0;0;0;0;0;0;NaN;1;0;0;20;0;-215.0833;-500
624;1;-766.4227;0;0;0;NaN;0;0;NaN;0;0;0;0;0;-266.4129;-500
625;3;-3816.364;0;0;0;NaN;0;0;NaN;0;0;0;0;-2000;-316.3631;-1500
626;3;-3278.471;0;0;0;NaN;0;0;NaN;0;0;0;0;-2000;-278.4682;-1000
627;1;-225.3714;0;0.3333333;0.3333333;0.3333333;0;0;NaN;1;0;0;20;0;-245.3715;0
628;3;-5816.356;0;0;0;NaN;0;0;NaN;0;0;0;0;-4000;-316.3631;-1500
629;1;-500;0;0;0;NaN;0;0;NaN;0;0;0;0;0;0;-500
630;1;-316.3631;0;0;0;NaN;0;0;NaN;0;0;0;0;0;-316.3631;0
631;1;-854.9211;0;0;0;NaN;0;0;NaN;0;0;0;0;0;-354.908;-500
632;1;-804.0983;0;0;0;NaN;0;0;NaN;0;0;0;0;0;-304.0911;-500
633;1;-753.7906;0;0;0;NaN;0;0;NaN;0;0;0;0;0;-253.7813;-500
634;0;-316.3631;0;0;0;NaN;0;0;NaN;0;0;0;0;0;-316.3631;0
635;1;-842.4269;0;0;0;NaN;0;0;NaN;0;0;0;0;0;-342.4193;-500
636;2;-1316.371;0;0;0;NaN;0;0;NaN;0;0;0;0;0;-316.3631;-1000
637;2;-791.9967;0;5.666667;5.666667;5.666667;0;0;NaN;1;0;0;20;0;-311.9891;-500
638;1;-2778.471;0;0;0;NaN;0;0;NaN;0;0;0;0;-2000;-278.4682;-500
639;3;-3266.414;0;0;0;NaN;0;0;NaN;0;0;0;0;-2000;-266.4129;-1000
640;1;-2778.467;0;0;0;NaN;0;0;NaN;0;0;0;0;-2000;-278.4682;-500
641;0;-458.7684;0;0;0;NaN;0;0;NaN;0;0;0;0;0;-458.7684;0
642;1;-766.42;0;0;0;NaN;0;0;NaN;0;0;0;0;0;-266.4129;-500
643;2;-1043.834;0;13;13;6.500001;0;0;NaN;2;0;0;40;0;-583.8152;-500
644;3;-5778.47;0;0;0;NaN;0;0;NaN;0;0;0;0;-4000;-278.4682;-1500
645;1;-804.0954;0;0;0;NaN;0;0;NaN;0;0;0;0;0;-304.0911;-500
646;1;-2778.467;0;0;0;NaN;0;0;NaN;0;0;0;0;-2000;-278.4682;-500
647;1;-829.3588;0;0;0;NaN;0;0;NaN;0;0;0;0;0;-329.3544;-500
648;2;-791.2446;0;0;0;NaN;0;0;NaN;0;0;0;0;0;-291.2428;-500
649;1;-186.3543;0;2;2;2;0;0;NaN;1;0;0;20;0;-206.3546;0
650;1;-829.3668;0;0;0;NaN;0;0;NaN;0;0;0;0;0;-329.3544;-500
651;1;-741.2322;0;0;0;NaN;0;0;NaN;0;0;0;0;0;-241.2233;-500
652;1;-172.8018;0;1.333333;1.333333;1.333333;0;0;NaN;1;0;0;20;0;-192.8018;0
653;2;-1266.421;0;0;0;NaN;0;0;NaN;0;0;0;0;0;-266.4129;-1000
654;2;-458.8822;0;7.666666;7.666666;3.833333;0;0;NaN;2;0;0;40;0;-498.8822;0
655;0;-507.5615;0;0;0;NaN;0;0;NaN;0;0;0;0;0;-507.5615;0
656;3;-3741.221;0;0;0;NaN;0;0;NaN;0;0;0;0;-2000;-241.2233;-1500
657;1;-2829.355;0;0;0;NaN;0;0;NaN;0;0;0;0;-2000;-329.3544;-500
658;1;-804.0917;0;0;0;NaN;0;0;NaN;0;0;0;0;0;-304.0911;-500
659;0;-216.9697;0;0;0;NaN;0;0;NaN;0;0;0;0;0;-216.9697;0
660;1;-778.4687;0;0;0;NaN;0;0;NaN;0;0;0;0;0;-278.4682;-500
661;2;-1799.257;0;0;0;NaN;0;0;NaN;0;0;0;0;0;-799.2485;-1000
662;1;-708.769;0;6;6;6;0;0;NaN;1;0;0;20;0;-228.7607;-500
663;0;-278.4682;0;0;0;NaN;0;0;NaN;0;0;0;0;0;-278.4682;0
664;0;-291.2428;0;0;0;NaN;0;0;NaN;0;0;0;0;0;-291.2428;0
665;1;-791.2454;0;0;0;NaN;0;0;NaN;0;0;0;0;0;-291.2428;-500
666;1;-753.7879;0;0;0;NaN;0;0;NaN;0;0;0;0;0;-253.7813;-500
667;1;-228.9163;0;2.333333;2.333333;2.333333;0;0;NaN;1;0;0;20;0;-248.9162;0
668;1;-753.7853;0;0;0;NaN;0;0;NaN;0;0;0;0;0;-253.7813;-500
669;2;-1304.099;0;0;0;NaN;0;0;NaN;0;0;0;0;0;-304.0911;-1000
670;2;-3278.47;0;0;0;NaN;0;0;NaN;0;0;0;0;-2000;-278.4682;-1000
671;1;-253.1881;0;5.333333;5.333333;5.333333;0;0;NaN;1;0;0;20;0;-273.1881;0
672;1;-842.4324;0;0;0;NaN;0;0;NaN;0;0;0;0;0;-342.4193;-500
673;0;-253.7813;0;0;0;NaN;0;0;NaN;0;0;0;0;0;-253.7813;0
674;1;-753.7885;0;0;0;NaN;0;0;NaN;0;0;0;0;0;-253.7813;-500
675;1;-741.23;0;0;0;NaN;0;0;NaN;0;0;0;0;0;-241.2233;-500
676;1;-753.7883;0;0;0;NaN;0;0;NaN;0;0;0;0;0;-253.7813;-500
677;1;-778.4711;0;0;0;NaN;0;0;NaN;0;0;0;0;0;-278.4682;-500
678;2;-2676.148;0;1.666667;1.666667;1.666667;0;0;NaN;1;0;0;20;-2000;-196.1473;-500
679;1;-281.419;0;4.333333;4.333333;4.333333;0;0;NaN;1;0;0;20;0;-301.419;0
680;2;-2710.372;0;2.333333;2.333333;2.333333;0;0;NaN;1;0;0;20;-2000;-230.3699;-500
681;1;-1007.582;0;0;0;NaN;0;0;NaN;0;0;0;0;0;-507.5615;-500
682;2;-1304.097;0;0;0;NaN;0;0;NaN;0;0;0;0;0;-304.0911;-1000
683;1;-778.4706;0;0;0;NaN;0;0;NaN;0;0;0;0;0;-278.4682;-500
684;2;-1304.101;0;0;0;NaN;0;0;NaN;0;0;0;0;0;-304.0911;-1000
685;2;-3304.09;0;0;0;NaN;0;0;NaN;0;0;0;0;-2000;-304.0911;-1000
686;2;-728.2628;0;4.666667;4.666667;4.666667;0;0;NaN;1;0;0;20;0;-248.2553;-500
687;1;-791.2452;0;0;0;NaN;0;0;NaN;0;0;0;0;0;-291.2428;-500
688;1;-766.4135;0;0;0;NaN;0;0;NaN;0;0;0;0;0;-266.4129;-500
689;2;-3031.402;0;0;0;NaN;0;0;NaN;0;0;0;0;-2000;-31.40366;-1000
690;1;-729.3902;0;0;0;NaN;0;0;NaN;0;0;0;0;0;-229.3847;-500
691;1;-829.3623;0;0;0;NaN;0;0;NaN;0;0;0;0;0;-329.3544;-500
692;1;-829.3585;0;0;0;NaN;0;0;NaN;0;0;0;0;0;-329.3544;-500
693;1;-753.7906;0;0;0;NaN;0;0;NaN;0;0;0;0;0;-253.7813;-500
694;2;-1278.474;0;0;0;NaN;0;0;NaN;0;0;0;0;0;-278.4682;-1000
695;1;-1209.822;0;0;0;NaN;0;0;NaN;0;0;0;0;0;-709.8229;-500
696;1;-745.556;0;7.000001;7.000001;7.000001;0;0;NaN;1;0;0;20;0;-265.5483;-500
697;1;-778.4769;0;0;0;NaN;0;0;NaN;0;0;0;0;0;-278.4682;-500
698;3;-3729.388;0;0;0;NaN;0;0;NaN;0;0;0;0;-2000;-229.3847;-1500
699;2;-1266.422;0;0;0;NaN;0;0;NaN;0;0;0;0;0;-266.4129;-1000
700;0;-582.4875;0;0;0;NaN;0;0;NaN;0;0;0;0;0;-582.4875;0
701;1;-816.3677;0;0;0;NaN;0;0;NaN;0;0;0;0;0;-316.3631;-500
702;0;-278.4682;0;0;0;NaN;0;0;NaN;0;0;0;0;0;-278.4682;0
703;1;-816.3651;0;0;0;NaN;0;0;NaN;0;0;0;0;0;-316.3631;-500
704;1;-766.4204;0;0;0;NaN;0;0;NaN;0;0;0;0;0;-266.4129;-500
705;2;-3266.412;0;0;0;NaN;0;0;NaN;0;0;0;0;-2000;-266.4129;-1000
706;0;-582.4875;0;0;0;NaN;0;0;NaN;0;0;0;0;0;-582.4875;0
707;1;-1032.836;0;0;0;NaN;0;0;NaN;0;0;0;0;0;-532.8256;-500
708;1;-816.3705;0;0;0;NaN;0;0;NaN;0;0;0;0;0;-316.3631;-500
709;1;-2804.089;0;0;0;NaN;0;0;NaN;0;0;0;0;-2000;-304.0911;-500
710;2;-3364.656;0;0;0;NaN;0;0;NaN;0;0;0;0;-2000;-364.6579;-1000
711;1;-1082.505;0;0;0;NaN;0;0;NaN;0;0;0;0;0;-582.4875;-500
712;1;-829.3601;0;0;0;NaN;0;0;NaN;0;0;0;0;0;-329.3544;-500
713;0;-278.4682;0;0;0;NaN;0;0;NaN;0;0;0;0;0;-278.4682;0
714;1;-753.7872;0;0;0;NaN;0;0;NaN;0;0;0;0;0;-253.7813;-500
715;1;-807.5641;0;8.666667;8.666667;8.666667;0;0;NaN;1;0;0;20;0;-327.5516;-500
716;0;-329.3544;0;0;0;NaN;0;0;NaN;0;0;0;0;0;-329.3544;0
717;1;-804.0944;0;0;0;NaN;0;0;NaN;0;0;0;0;0;-304.0911;-500
718;2;-3329.357;0;0;0;NaN;0;0;NaN;0;0;0;0;-2000;-329.3544;-1000
719;1;-791.2537;0;0;0;NaN;0;0;NaN;0;0;0;0;0;-291.2428;-500
720;2;-3253.783;0;0;0;NaN;0;0;NaN;0;0;0;0;-2000;-253.7813;-1000
721;1;-189.9371;0;1;1;1;0;0;NaN;1;0;0;20;0;-209.9372;0
722;1;-716.9776;0;0;0;NaN;0;0;NaN;0;0;0;0;0;-216.9697;-500
723;1;-778.4724;0;0;0;NaN;0;0;NaN;0;0;0;0;0;-278.4682;-500
724;2;-3316.362;0;0;0;NaN;0;0;NaN;0;0;0;0;-2000;-316.3631;-1000
725;0;-278.4682;0;0;0;NaN;0;0;NaN;0;0;0;0;0;-278.4682;0
726;2;-3304.091;0;0;0;NaN;0;0;NaN;0;0;0;0;-2000;-304.0911;-1000
727;2;-1266.417;0;0;0;NaN;0;0;NaN;0;0;0;0;0;-266.4129;-1000
728;1;-1158.724;0;0;0;NaN;0;0;NaN;0;0;0;0;0;-658.7137;-500
729;3;-5778.471;0;0;0;NaN;0;0;NaN;0;0;0;0;-4000;-278.4682;-1500
730;1;-716.9766;0;0;0;NaN;0;0;NaN;0;0;0;0;0;-216.9697;-500
731;2;-2764.707;0;2;2;2;0;0;NaN;1;0;0;20;-2000;-284.711;-500
732;3;-3741.221;0;0;0;NaN;0;0;NaN;0;0;0;0;-2000;-241.2233;-1500
733;1;-958.7844;0;0;0;NaN;0;0;NaN;0;0;0;0;0;-458.7684;-500
734;0;-278.4682;0;0;0;NaN;0;0;NaN;0;0;0;0;0;-278.4682;0
735;1;-766.4133;0;0;0;NaN;0;0;NaN;0;0;0;0;0;-266.4129;-500
736;2;-1253.786;0;0;0;NaN;0;0;NaN;0;0;0;0;0;-253.7813;-1000
737;0;-241.2233;0;0;0;NaN;0;0;NaN;0;0;0;0;0;-241.2233;0
738;2;-1342.426;0;0;0;NaN;0;0;NaN;0;0;0;0;0;-342.4193;-1000
739;0;-291.2428;0;0;0;NaN;0;0;NaN;0;0;0;0;0;-291.2428;0
740;3;-3716.974;0;0;0;NaN;0;0;NaN;0;0;0;0;-2000;-216.9697;-1500
741;0;-291.2428;0;0;0;NaN;0;0;NaN;0;0;0;0;0;-291.2428;0
742;1;-1032.837;0;0;0;NaN;0;0;NaN;0;0;0;0;0;-532.8256;-500
743;2;-2704.625;0;0;0;NaN;0;0;NaN;0;0;0;0;-2000;-204.6284;-500
744;1;-778.4753;0;0;0;NaN;0;0;NaN;0;0;0;0;0;-278.4682;-500
745;2;-1278.474;0;0;0;NaN;0;0;NaN;0;0;0;0;0;-278.4682;-1000
746;0;-278.4682;0;0;0;NaN;0;0;NaN;0;0;0;0;0;-278.4682;0
747;1;-729.3931;0;0;0;NaN;0;0;NaN;0;0;0;0;0;-229.3847;-500
748;1;-215.8565;0;2;2;2;0;0;NaN;1;0;0;20;0;-235.8567;0
749;1;-729.3931;0;0;0;NaN;0;0;NaN;0;0;0;0;0;-229.3847;-500
750;0;-291.2428;0;0;0;NaN;0;0;NaN;0;0;0;0;0;-291.2428;0
751;0;-278.4682;0;0;0;NaN;0;0;NaN;0;0;0;0;0;-278.4682;0
752;1;-1108.186;0;0;0;NaN;0;0;NaN;0;0;0;0;0;-608.1851;-500
753;1;-854.9185;0;0;0;NaN;0;0;NaN;0;0;0;0;0;-354.908;-500
754;2;-1241.227;0;0;0;NaN;0;0;NaN;0;0;0;0;0;-241.2233;-1000
755;1;-741.2322;0;0;0;NaN;0;0;NaN;0;0;0;0;0;-241.2233;-500
756;2;-1241.231;0;0;0;NaN;0;0;NaN;0;0;0;0;0;-241.2233;-1000
757;1;-729.3931;0;0;0;NaN;0;0;NaN;0;0;0;0;0;-229.3847;-500
758;0;-532.8256;0;0;0;NaN;0;0;NaN;0;0;0;0;0;-532.8256;0
759;1;-716.9765;0;0;0;NaN;0;0;NaN;0;0;0;0;0;-216.9697;-500
760;1;-301.8615;0;4.666667;4.666667;4.666667;0;0;NaN;1;0;0;20;0;-321.8615;0
761;0;-266.4129;0;0;0;NaN;0;0;NaN;0;0;0;0;0;-266.4129;0
762;1;-753.7897;0;0;0;NaN;0;0;NaN;0;0;0;0;0;-253.7813;-500
763;1;-2804.092;0;0;0;NaN;0;0;NaN;0;0;0;0;-2000;-304.0911;-500
764;0;-266.4129;0;0;0;NaN;0;0;NaN;0;0;0;0;0;-266.4129;0
765;0;-278.4682;0;0;0;NaN;0;0;NaN;0;0;0;0;0;-278.4682;0
766;1;-1132.745;0;0;0;NaN;0;0;NaN;0;0;0;0;0;-632.73;-500
767;0;-253.7813;0;0;0;NaN;0;0;NaN;0;0;0;0;0;-253.7813;0
768;0;-266.4129;0;0;0;NaN;0;0;NaN;0;0;0;0;0;-266.4129;0
769;0;-241.2233;0;0;0;NaN;0;0;NaN;0;0;0;0;0;-241.2233;0
770;1;-531.4043;0;0;0;NaN;0;0;NaN;0;0;0;0;0;-31.40366;-500
771;3;-3933.948;0;0;0;NaN;0;0;NaN;0;0;0;0;-2000;-433.9385;-1500
772;1;-816.3677;0;0;0;NaN;0;0;NaN;0;0;0;0;0;-316.3631;-500
773;1;-255.3107;0;4.666667;4.666667;4.666667;0;0;NaN;1;0;0;20;0;-275.3107;0
774;1;-958.7837;0;0;0;NaN;0;0;NaN;0;0;0;0;0;-458.7684;-500
775;1;-753.782;0;0;0;NaN;0;0;NaN;0;0;0;0;0;-253.7813;-500
776;1;-854.9122;0;0;0;NaN;0;0;NaN;0;0;0;0;0;-354.908;-500
777;2;-753.7831;0;0;0;NaN;0;0;NaN;0;0;0;0;0;-253.7813;-500
778;1;-229.3506;0;3.666666;3.666666;3.666666;0;0;NaN;1;0;0;20;0;-249.3504;0
779;0;-229.3847;0;0;0;NaN;0;0;NaN;0;0;0;0;0;-229.3847;0
780;1;-741.2305;0;0;0;NaN;0;0;NaN;0;0;0;0;0;-241.2233;-500
781;2;-3556.934;0;0;0;NaN;0;0;NaN;0;0;0;0;-2000;-556.9372;-1000
782;1;-463.6825;0;3;3;1.5;0;0;NaN;2;0;0;40;0;-503.6815;0
783;1;-778.4786;0;0;0;NaN;0;0;NaN;0;0;0;0;0;-278.4682;-500
784;1;-263.5831;0;3.333333;3.333333;3.333333;0;0;NaN;1;0;0;20;0;-283.5831;0
785;2;-1278.475;0;0;0;NaN;0;0;NaN;0;0;0;0;0;-278.4682;-1000
786;1;-741.2322;0;0;0;NaN;0;0;NaN;0;0;0;0;0;-241.2233;-500
787;1;-791.2505;0;0;0;NaN;0;0;NaN;0;0;0;0;0;-291.2428;-500
788;1;-778.4786;0;0;0;NaN;0;0;NaN;0;0;0;0;0;-278.4682;-500
789;1;-1086.85;0;8.000001;8.000001;8.000001;0;0;NaN;1;0;0;20;0;-606.8331;-500
790;1;-791.2517;0;0;0;NaN;0;0;NaN;0;0;0;0;0;-291.2428;-500
791;1;-541.731;0;0;0;NaN;0;0;NaN;0;0;0;0;0;-41.73001;-500
792;1;-804.0947;0;0;0;NaN;0;0;NaN;0;0;0;0;0;-304.0911;-500
793;1;-1132.745;0;0;0;NaN;0;0;NaN;0;0;0;0;0;-632.73;-500
794;1;-745.5577;0;7.000001;7.000001;7.000001;0;0;NaN;1;0;0;20;0;-265.5483;-500
795;1;-753.7841;0;0;0;NaN;0;0;NaN;0;0;0;0;0;-253.7813;-500
796;2;-842.4263;0;0;0;NaN;0;0;NaN;0;0;0;0;0;-342.4193;-500
797;2;-766.14;0;5;5;5;0;0;NaN;1;0;0;20;0;-286.1338;-500
798;1;-778.4775;0;0;0;NaN;0;0;NaN;0;0;0;0;0;-278.4682;-500
799;2;-1342.426;0;0;0;NaN;0;0;NaN;0;0;0;0;0;-342.4193;-1000
800;1;-804.0975;0;0;0;NaN;0;0;NaN;0;0;0;0;0;-304.0911;-500
801;2;-3241.224;0;0;0;NaN;0;0;NaN;0;0;0;0;-2000;-241.2233;-1000
802;1;-588.7127;0;6;6;2;0;0;NaN;3;0;0;60;0;-648.7134;0
803;1;-716.9761;0;0;0;NaN;0;0;NaN;0;0;0;0;0;-216.9697;-500
804;0;-269.8474;0;7.666668;7.666668;7.666668;0;0;NaN;1;0;0;20;0;-289.8474;0
805;2;-3316.363;0;0;0;NaN;0;0;NaN;0;0;0;0;-2000;-316.3631;-1000
806;1;-791.2537;0;0;0;NaN;0;0;NaN;0;0;0;0;0;-291.2428;-500
807;2;-3873.728;0;0;0;NaN;0;0;NaN;0;0;0;0;-2000;-873.7413;-1000
808;2;-1532.837;0;0;0;NaN;0;0;NaN;0;0;0;0;0;-532.8256;-1000
809;2;-3329.356;0;0;0;NaN;0;0;NaN;0;0;0;0;-2000;-329.3544;-1000
810;0;-278.4682;0;0;0;NaN;0;0;NaN;0;0;0;0;0;-278.4682;0
811;1;-716.9741;0;0;0;NaN;0;0;NaN;0;0;0;0;0;-216.9697;-500
812;1;-496.0154;0;1.666667;1.666667;0.8333334;0;0;NaN;2;0;0;40;0;-536.0146;0
813;1;-729.3918;0;0;0;NaN;0;0;NaN;0;0;0;0;0;-229.3847;-500
814;1;-958.7867;0;0;0;NaN;0;0;NaN;0;0;0;0;0;-458.7684;-500
815;2;-3532.825;0;0;0;NaN;0;0;NaN;0;0;0;0;-2000;-532.8256;-1000
816;3;-5753.79;0;0;0;NaN;0;0;NaN;0;0;0;0;-4000;-253.7813;-1500
817;1;-753.7823;0;0;0;NaN;0;0;NaN;0;0;0;0;0;-253.7813;-500
818;3;-3753.785;0;0;0;NaN;0;0;NaN;0;0;0;0;-2000;-253.7813;-1500
819;1;-842.4315;0;0;0;NaN;0;0;NaN;0;0;0;0;0;-342.4193;-500
820;1;-1056.956;0;0;0;NaN;0;0;NaN;0;0;0;0;0;-556.9372;-500
821;1;-704.6353;0;0;0;NaN;0;0;NaN;0;0;0;0;0;-204.6284;-500
822;1;-222.7623;0;3;3;3;0;0;NaN;1;0;0;20;0;-242.7621;0
823;1;-753.7906;0;0;0;NaN;0;0;NaN;0;0;0;0;0;-253.7813;-500
824;2;-1204.63;0;0;0;NaN;0;0;NaN;0;0;0;0;0;-204.6284;-1000
825;1;-778.4767;0;0;0;NaN;0;0;NaN;0;0;0;0;0;-278.4682;-500
826;1;-766.4144;0;0;0;NaN;0;0;NaN;0;0;0;0;0;-266.4129;-500
827;2;-3278.47;0;0;0;NaN;0;0;NaN;0;0;0;0;-2000;-278.4682;-1000
828;1;-716.9749;0;0;0;NaN;0;0;NaN;0;0;0;0;0;-216.9697;-500
829;1;-766.4169;0;0;0;NaN;0;0;NaN;0;0;0;0;0;-266.4129;-500
830;1;-741.2322;0;0;0;NaN;0;0;NaN;0;0;0;0;0;-241.2233;-500
831;2;-3304.092;0;0;0;NaN;0;0;NaN;0;0;0;0;-2000;-304.0911;-1000
832;1;-1056.956;0;0;0;NaN;0;0;NaN;0;0;0;0;0;-556.9372;-500
833;2;-3608.184;0;0;0;NaN;0;0;NaN;0;0;0;0;-2000;-608.1851;-1000
834;1;-842.4218;0;0;0;NaN;0;0;NaN;0;0;0;0;0;-342.4193;-500
835;1;-741.2299;0;0;0;NaN;0;0;NaN;0;0;0;0;0;-241.2233;-500
836;2;-1433.95;0;0;0;NaN;0;0;NaN;0;0;0;0;0;-433.9385;-1000
837;0;-241.2233;0;0;0;NaN;0;0;NaN;0;0;0;0;0;-241.2233;0
838;1;-729.3931;0;0;0;NaN;0;0;NaN;0;0;0;0;0;-229.3847;-500
839;2;-703.9125;0;3;3;3;0;0;NaN;1;0;0;20;0;-223.9092;-500
840;1;-704.6358;0;0;0;NaN;0;0;NaN;0;0;0;0;0;-204.6284;-500
841;1;-2500;0;0;0;NaN;0;0;NaN;0;0;0;0;-2000;0;-500
842;3;-5778.464;0;0;0;NaN;0;0;NaN;0;0;0;0;-4000;-278.4682;-1500
843;1;-729.3856;0;0;0;NaN;0;0;NaN;0;0;0;0;0;-229.3847;-500
844;2;-1291.253;0;0;0;NaN;0;0;NaN;0;0;0;0;0;-291.2428;-1000
845;2;-3457.735;0;11.66667;11.66667;5.833334;0;0;NaN;2;0;0;40;-2000;-497.7355;-1000
846;1;-766.4205;0;0;0;NaN;0;0;NaN;0;0;0;0;0;-266.4129;-500
847;1;-829.3634;0;0;0;NaN;0;0;NaN;0;0;0;0;0;-329.3544;-500
848;1;-741.2322;0;0;0;NaN;0;0;NaN;0;0;0;0;0;-241.2233;-500
849;2;-718.3588;0;3.666666;3.666666;3.666666;0;0;NaN;1;0;0;20;0;-238.3548;-500
850;1;-175.9809;0;1.666667;1.666667;1.666667;0;0;NaN;1;0;0;20;0;-195.9809;0
851;2;-3020.863;0;0;0;NaN;0;0;NaN;0;0;0;0;-2000;-20.865;-1000
852;1;-704.6354;0;0;0;NaN;0;0;NaN;0;0;0;0;0;-204.6284;-500
853;1;-804.0975;0;0;0;NaN;0;0;NaN;0;0;0;0;0;-304.0911;-500
854;1;-778.4692;0;0;0;NaN;0;0;NaN;0;0;0;0;0;-278.4682;-500
855;1;-729.3931;0;0;0;NaN;0;0;NaN;0;0;0;0;0;-229.3847;-500
856;0;-761.3521;0;0;0;NaN;0;0;NaN;0;0;0;0;0;-761.3521;0
857;1;-842.4202;0;0;0;NaN;0;0;NaN;0;0;0;0;0;-342.4193;-500
858;1;-2232.051;0;5;5;5;0;0;NaN;1;0;0;20;-2000;-252.0506;0
859;0;-532.8256;0;0;0;NaN;0;0;NaN;0;0;0;0;0;-532.8256;0
860;3;-3716.971;0;0;0;NaN;0;0;NaN;0;0;0;0;-2000;-216.9697;-1500
861;1;-716.9741;0;0;0;NaN;0;0;NaN;0;0;0;0;0;-216.9697;-500
862;0;-456.3144;0;11.66667;11.66667;5.833334;0;0;NaN;2;0;0;40;0;-496.3144;0
863;2;-1608.192;0;0;0;NaN;0;0;NaN;0;0;0;0;0;-608.1851;-1000
864;2;-1582.5;0;0;0;NaN;0;0;NaN;0;0;0;0;0;-582.4875;-1000
865;0;-329.3544;0;0;0;NaN;0;0;NaN;0;0;0;0;0;-329.3544;0
866;0;-582.4875;0;0;0;NaN;0;0;NaN;0;0;0;0;0;-582.4875;0
867;1;-753.7884;0;0;0;NaN;0;0;NaN;0;0;0;0;0;-253.7813;-500
868;1;-778.4728;0;0;0;NaN;0;0;NaN;0;0;0;0;0;-278.4682;-500
869;2;-720.5473;0;3.666666;3.666666;3.666666;0;0;NaN;1;0;0;20;0;-240.5427;-500
870;2;-249.6757;0;4;4;4;0;0;NaN;1;0;0;20;0;-269.6754;0
871;1;-778.4745;0;0;0;NaN;0;0;NaN;0;0;0;0;0;-278.4682;-500
872;1;-509.7499;0;0;0;NaN;0;0;NaN;0;0;0;0;0;-9.75;-500
873;0;-556.9372;0;0;0;NaN;0;0;NaN;0;0;0;0;0;-556.9372;0
874;2;-1632.739;0;0;0;NaN;0;0;NaN;0;0;0;0;0;-632.73;-1000
875;2;-766.4147;0;0;0;NaN;0;0;NaN;0;0;0;0;0;-266.4129;-500
876;0;-241.2233;0;0;0;NaN;0;0;NaN;0;0;0;0;0;-241.2233;0
877;2;-3342.421;0;0;0;NaN;0;0;NaN;0;0;0;0;-2000;-342.4193;-1000
878;2;-5316.365;0;0;0;NaN;0;0;NaN;0;0;0;0;-4000;-316.3631;-1000
879;1;-766.4195;0;0;0;NaN;0;0;NaN;0;0;0;0;0;-266.4129;-500
880;1;-2842.422;0;0;0;NaN;0;0;NaN;0;0;0;0;-2000;-342.4193;-500
881;1;-1056.956;0;0;0;NaN;0;0;NaN;0;0;0;0;0;-556.9372;-500
882;0;-253.7813;0;0;0;NaN;0;0;NaN;0;0;0;0;0;-253.7813;0
883;3;-5396.146;0;4.333333;4.333333;2.166667;0;0;NaN;2;0;0;40;-4000;-436.1465;-1000
884;2;-3193.004;0;0;0;NaN;0;0;NaN;0;0;0;0;-2000;-193.0065;-1000
885;2;-791.2497;0;0;0;NaN;0;0;NaN;0;0;0;0;0;-291.2428;-500
886;2;-1304.099;0;0;0;NaN;0;0;NaN;0;0;0;0;0;-304.0911;-1000
887;3;-5791.232;0;0;0;NaN;0;0;NaN;0;0;0;0;-4000;-291.2428;-1500
888;1;-3108.176;0;0;0;NaN;0;0;NaN;0;0;0;0;-2000;-608.1851;-500
889;2;-1241.229;0;0;0;NaN;0;0;NaN;0;0;0;0;0;-241.2233;-1000
890;0;-329.3544;0;0;0;NaN;0;0;NaN;0;0;0;0;0;-329.3544;0
891;1;-753.7906;0;0;0;NaN;0;0;NaN;0;0;0;0;0;-253.7813;-500
892;1;-909.2583;0;0;0;NaN;0;0;NaN;0;0;0;0;0;-409.2559;-500
893;2;-3304.092;0;0;0;NaN;0;0;NaN;0;0;0;0;-2000;-304.0911;-1000
894;0;-204.6284;0;0;0;NaN;0;0;NaN;0;0;0;0;0;-204.6284;0
895;1;-716.9776;0;0;0;NaN;0;0;NaN;0;0;0;0;0;-216.9697;-500
896;1;-753.7839;0;0;0;NaN;0;0;NaN;0;0;0;0;0;-253.7813;-500
897;1;-3261.334;0;0;0;NaN;0;0;NaN;0;0;0;0;-2000;-761.3521;-500
898;0;-253.7813;0;0;0;NaN;0;0;NaN;0;0;0;0;0;-253.7813;0
899;0;-253.7813;0;0;0;NaN;0;0;NaN;0;0;0;0;0;-253.7813;0
900;2;-3329.355;0;0;0;NaN;0;0;NaN;0;0;0;0;-2000;-329.3544;-1000
901;2;-1291.248;0;0;0;NaN;0;0;NaN;0;0;0;0;0;-291.2428;-1000
902;1;-683.5297;0;5;5;5;0;0;NaN;1;0;0;20;0;-203.5234;-500
903;1;-778.4707;0;0;0;NaN;0;0;NaN;0;0;0;0;0;-278.4682;-500
904;2;-1253.784;0;0;0;NaN;0;0;NaN;0;0;0;0;0;-253.7813;-1000
905;1;-693.0134;0;0;0;NaN;0;0;NaN;0;0;0;0;0;-193.0065;-500
906;1;-778.4782;0;0;0;NaN;0;0;NaN;0;0;0;0;0;-278.4682;-500
907;0;-253.7813;0;0;0;NaN;0;0;NaN;0;0;0;0;0;-253.7813;0
908;1;-766.4157;0;0;0;NaN;0;0;NaN;0;0;0;0;0;-266.4129;-500
909;1;-704.6358;0;0;0;NaN;0;0;NaN;0;0;0;0;0;-204.6284;-500
910;1;-207.6552;0;3.333333;3.333333;3.333333;0;0;NaN;1;0;0;20;0;-227.6549;0
911;1;-716.9776;0;0;0;NaN;0;0;NaN;0;0;0;0;0;-216.9697;-500
912;0;-278.4682;0;0;0;NaN;0;0;NaN;0;0;0;0;0;-278.4682;0
913;2;-1266.422;0;0;0;NaN;0;0;NaN;0;0;0;0;0;-266.4129;-1000
914;1;-1108.187;0;0;0;NaN;0;0;NaN;0;0;0;0;0;-608.1851;-500
915;2;-3364.657;0;0;0;NaN;0;0;NaN;0;0;0;0;-2000;-364.6579;-1000
916;1;-741.2272;0;0;0;NaN;0;0;NaN;0;0;0;0;0;-241.2233;-500
917;0;-229.3847;0;0;0;NaN;0;0;NaN;0;0;0;0;0;-229.3847;0
918;1;-729.3931;0;0;0;NaN;0;0;NaN;0;0;0;0;0;-229.3847;-500
919;2;-2678.199;0;3.333333;3.333333;3.333333;0;0;NaN;1;0;0;20;-2000;-198.1955;-500
920;1;-729.3931;0;0;0;NaN;0;0;NaN;0;0;0;0;0;-229.3847;-500
921;1;-716.9776;0;0;0;NaN;0;0;NaN;0;0;0;0;0;-216.9697;-500
922;4;-6342.423;0;0;0;NaN;0;0;NaN;0;0;0;0;-4000;-342.4193;-2000
923;0;-266.4129;0;0;0;NaN;0;0;NaN;0;0;0;0;0;-266.4129;0
924;1;-2729.383;0;0;0;NaN;0;0;NaN;0;0;0;0;-2000;-229.3847;-500
925;1;-804.0987;0;0;0;NaN;0;0;NaN;0;0;0;0;0;-304.0911;-500
926;1;-507.5615;0;0;0;NaN;0;0;NaN;0;0;0;0;0;-507.5615;0
927;1;-753.7862;0;0;0;NaN;0;0;NaN;0;0;0;0;0;-253.7813;-500
928;1;-816.3734;0;0;0;NaN;0;0;NaN;0;0;0;0;0;-316.3631;-500
929;2;-3241.229;0;0;0;NaN;0;0;NaN;0;0;0;0;-2000;-241.2233;-1000
930;2;-3253.787;0;0;0;NaN;0;0;NaN;0;0;0;0;-2000;-253.7813;-1000
931;1;-716.9723;0;0;0;NaN;0;0;NaN;0;0;0;0;0;-216.9697;-500
932;2;-1000;0;0;0;NaN;0;0;NaN;0;0;0;0;0;0;-1000
933;1;-693.0107;0;0;0;NaN;0;0;NaN;0;0;0;0;0;-193.0065;-500
934;1;-804.0942;0;0;0;NaN;0;0;NaN;0;0;0;0;0;-304.0911;-500
935;0;-278.4682;0;0;0;NaN;0;0;NaN;0;0;0;0;0;-278.4682;0
936;2;-3216.967;0;0;0;NaN;0;0;NaN;0;0;0;0;-2000;-216.9697;-1000
937;1;-741.2302;0;0;0;NaN;0;0;NaN;0;0;0;0;0;-241.2233;-500
938;0;-949.1051;0;0;0;NaN;0;0;NaN;0;0;0;0;0;-949.1051;0
939;1;-778.4786;0;0;0;NaN;0;0;NaN;0;0;0;0;0;-278.4682;-500
940;2;-1278.475;0;0;0;NaN;0;0;NaN;0;0;0;0;0;-278.4682;-1000
941;1;-704.6332;0;0;0;NaN;0;0;NaN;0;0;0;0;0;-204.6284;-500
942;1;-704.6358;0;0;0;NaN;0;0;NaN;0;0;0;0;0;-204.6284;-500
943;3;-4847.792;0;2.666667;2.666667;1.333333;0;0;NaN;2;0;0;40;-4000;-387.7782;-500
944;1;-252.8001;0;3.333333;3.333333;3.333333;0;0;NaN;1;0;0;20;0;-272.8001;0
945;0;-278.4682;0;0;0;NaN;0;0;NaN;0;0;0;0;0;-278.4682;0
946;1;-1132.746;0;0;0;NaN;0;0;NaN;0;0;0;0;0;-632.73;-500
947;3;-5778.465;0;0;0;NaN;0;0;NaN;0;0;0;0;-4000;-278.4682;-1500
948;1;-753.7857;0;0;0;NaN;0;0;NaN;0;0;0;0;0;-253.7813;-500
949;1;-753.7906;0;0;0;NaN;0;0;NaN;0;0;0;0;0;-253.7813;-500
950;1;-1056.954;0;0;0;NaN;0;0;NaN;0;0;0;0;0;-556.9372;-500
951;3;-5804.085;0;0;0;NaN;0;0;NaN;0;0;0;0;-4000;-304.0911;-1500
952;0;-278.4682;0;0;0;NaN;0;0;NaN;0;0;0;0;0;-278.4682;0
953;2;-1000;0;0;0;NaN;0;0;NaN;0;0;0;0;0;0;-1000
954;2;-2697.593;0;0.6666667;0.6666667;0.6666667;0;0;NaN;1;0;0;20;-2000;-217.5953;-500
955;1;-1412.278;0;0;0;NaN;0;0;NaN;0;0;0;0;0;-912.2877;-500
956;1;-778.4717;0;0;0;NaN;0;0;NaN;0;0;0;0;0;-278.4682;-500
957;1;-982.4649;0;0;0;NaN;0;0;NaN;0;0;0;0;0;-482.4456;-500
958;3;-3842.419;0;0;0;NaN;0;0;NaN;0;0;0;0;-2000;-342.4193;-1500
959;1;-816.375;0;0;0;NaN;0;0;NaN;0;0;0;0;0;-316.3631;-500
960;1;-753.7849;0;0;0;NaN;0;0;NaN;0;0;0;0;0;-253.7813;-500
961;1;-842.4323;0;0;0;NaN;0;0;NaN;0;0;0;0;0;-342.4193;-500
962;1;-766.422;0;0;0;NaN;0;0;NaN;0;0;0;0;0;-266.4129;-500
963;1;-741.2301;0;0;0;NaN;0;0;NaN;0;0;0;0;0;-241.2233;-500
964;1;-741.2313;0;0;0;NaN;0;0;NaN;0;0;0;0;0;-241.2233;-500
965;1;-680.8105;0;0;0;NaN;0;0;NaN;0;0;0;0;0;-180.8082;-500
966;1;-241.0356;0;2.666667;2.666667;2.666667;0;0;NaN;1;0;0;20;0;-261.0357;0
967;2;-3291.243;0;0;0;NaN;0;0;NaN;0;0;0;0;-2000;-291.2428;-1000
968;1;-766.4228;0;0;0;NaN;0;0;NaN;0;0;0;0;0;-266.4129;-500
969;1;-804.1004;0;0;0;NaN;0;0;NaN;0;0;0;0;0;-304.0911;-500
970;1;-729.3895;0;0;0;NaN;0;0;NaN;0;0;0;0;0;-229.3847;-500
971;1;-829.3651;0;0;0;NaN;0;0;NaN;0;0;0;0;0;-329.3544;-500
972;1;-741.2288;0;0;0;NaN;0;0;NaN;0;0;0;0;0;-241.2233;-500
973;0;-216.9697;0;0;0;NaN;0;0;NaN;0;0;0;0;0;-216.9697;0
974;2;-1291.25;0;0;0;NaN;0;0;NaN;0;0;0;0;0;-291.2428;-1000
975;1;-716.9776;0;0;0;NaN;0;0;NaN;0;0;0;0;0;-216.9697;-500
976;2;-1216.978;0;0;0;NaN;0;0;NaN;0;0;0;0;0;-216.9697;-1000
977;1;-741.2318;0;0;0;NaN;0;0;NaN;0;0;0;0;0;-241.2233;-500
978;1;-753.7855;0;0;0;NaN;0;0;NaN;0;0;0;0;0;-253.7813;-500
979;1;-753.7886;0;0;0;NaN;0;0;NaN;0;0;0;0;0;-253.7813;-500
980;2;-717.8087;0;3.333333;3.333333;3.333333;0;0;NaN;1;0;0;20;0;-237.803;-500
981;1;-829.3575;0;0;0;NaN;0;0;NaN;0;0;0;0;0;-329.3544;-500
982;1;-766.4228;0;0;0;NaN;0;0;NaN;0;0;0;0;0;-266.4129;-500
983;3;-3204.628;0;0;0;NaN;0;0;NaN;0;0;0;0;-2000;-204.6284;-1000
984;0;-266.4129;0;0;0;NaN;0;0;NaN;0;0;0;0;0;-266.4129;0
985;1;-753.7906;0;0;0;NaN;0;0;NaN;0;0;0;0;0;-253.7813;-500
986;2;-1361.618;0;0;0;NaN;0;0;NaN;0;0;0;0;0;-361.6155;-1000
987;1;-753.7839;0;0;0;NaN;0;0;NaN;0;0;0;0;0;-253.7813;-500
988;2;-3266.414;0;0;0;NaN;0;0;NaN;0;0;0;0;-2000;-266.4129;-1000
989;3;-5766.412;0;0;0;NaN;0;0;NaN;0;0;0;0;-4000;-266.4129;-1500
990;3;-3716.967;0;0;0;NaN;0;0;NaN;0;0;0;0;-2000;-216.9697;-1500
991;1;-741.2289;0;0;0;NaN;0;0;NaN;0;0;0;0;0;-241.2233;-500
992;2;-3204.629;0;0;0;NaN;0;0;NaN;0;0;0;0;-2000;-204.6284;-1000
993;2;-751.4731;0;6.333334;6.333334;6.333334;0;0;NaN;1;0;0;20;0;-271.4658;-500
994;1;-2753.778;0;0;0;NaN;0;0;NaN;0;0;0;0;-2000;-253.7813;-500
995;1;-804.0923;0;0;0;NaN;0;0;NaN;0;0;0;0;0;-304.0911;-500
996;1;-509.7499;0;0;0;NaN;0;0;NaN;0;0;0;0;0;-9.75;-500
997;0;-220.5234;0;6.333334;6.333334;6.333334;0;0;NaN;1;0;0;20;0;-240.5234;0
998;1;-716.9776;0;0;0;NaN;0;0;NaN;0;0;0;0;0;-216.9697;-500
999;2;-1204.63;0;0;0;NaN;0;0;NaN;0;0;0;0;0;-204.6284;-1000
1000;2;-1229.391;0;0;0;NaN;0;0;NaN;0;0;0;0;0;-229.3847;-1000
1001;1;-704.6359;0;0;0;NaN;0;0;NaN;0;0;0;0;0;-204.6284;-500
1002;1;-716.9776;0;0;0;NaN;0;0;NaN;0;0;0;0;0;-216.9697;-500
1003;1;-2816.365;0;0;0;NaN;0;0;NaN;0;0;0;0;-2000;-316.3631;-500
1004;1;-766.4219;0;0;0;NaN;0;0;NaN;0;0;0;0;0;-266.4129;-500
1005;1;-155.3681;0;0;0;0;0;0;NaN;1;0;0;20;0;-175.3678;0
1006;1;-791.2537;0;0;0;NaN;0;0;NaN;0;0;0;0;0;-291.2428;-500
1007;2;-719.5201;0;4.666667;4.666667;4.666667;0;0;NaN;1;0;0;20;0;-239.5122;-500
1008;2;-1229.389;0;0;0;NaN;0;0;NaN;0;0;0;0;0;-229.3847;-1000
1009;1;-804.1026;0;0;0;NaN;0;0;NaN;0;0;0;0;0;-304.0911;-500
1010;2;-1229.386;0;0;0;NaN;0;0;NaN;0;0;0;0;0;-229.3847;-1000
1011;2;-3229.383;0;0;0;NaN;0;0;NaN;0;0;0;0;-2000;-229.3847;-1000
1012;1;-716.9739;0;0;0;NaN;0;0;NaN;0;0;0;0;0;-216.9697;-500
1013;2;-1354.916;0;0;0;NaN;0;0;NaN;0;0;0;0;0;-354.908;-1000
1014;2;-3204.628;0;0;0;NaN;0;0;NaN;0;0;0;0;-2000;-204.6284;-1000
1015;1;-778.4774;0;0;0;NaN;0;0;NaN;0;0;0;0;0;-278.4682;-500
1016;1;-791.2537;0;0;0;NaN;0;0;NaN;0;0;0;0;0;-291.2428;-500
1017;2;-3204.628;0;0;0;NaN;0;0;NaN;0;0;0;0;-2000;-204.6284;-1000
1018;0;-229.3847;0;0;0;NaN;0;0;NaN;0;0;0;0;0;-229.3847;0
1019;1;-223.6078;0;0;0;0;0;0;NaN;1;0;0;20;0;-243.6075;0
1020;1;-196.6455;0;0.6666667;0.6666667;0.6666667;0;0;NaN;1;0;0;20;0;-216.6453;0
1021;2;-3291.245;0;0;0;NaN;0;0;NaN;0;0;0;0;-2000;-291.2428;-1000
1022;1;-704.6346;0;0;0;NaN;0;0;NaN;0;0;0;0;0;-204.6284;-500
1023;1;-704.6358;0;0;0;NaN;0;0;NaN;0;0;0;0;0;-204.6284;-500
1024;1;-729.3912;0;0;0;NaN;0;0;NaN;0;0;0;0;0;-229.3847;-500
1025;2;-3291.242;0;0;0;NaN;0;0;NaN;0;0;0;0;-2000;-291.2428;-1000
1026;1;-778.4753;0;0;0;NaN;0;0;NaN;0;0;0;0;0;-278.4682;-500
1027;2;-3291.244;0;0;0;NaN;0;0;NaN;0;0;0;0;-2000;-291.2428;-1000
1028;0;-291.2428;0;0;0;NaN;0;0;NaN;0;0;0;0;0;-291.2428;0
1029;1;-982.4479;0;0;0;NaN;0;0;NaN;0;0;0;0;0;-482.4456;-500
1030;1;-2753.782;0;0;0;NaN;0;0;NaN;0;0;0;0;-2000;-253.7813;-500
1031;1;-233.6623;0;3.333333;3.333333;3.333333;0;0;NaN;1;0;0;20;0;-253.6622;0
1032;1;-2791.244;0;0;0;NaN;0;0;NaN;0;0;0;0;-2000;-291.2428;-500
1033;2;-3256.331;0;7.000001;7.000001;7.000001;0;0;NaN;1;0;0;20;-2000;-276.3296;-1000
1034;0;-342.4193;0;0;0;NaN;0;0;NaN;0;0;0;0;0;-342.4193;0
1035;1;-2766.415;0;0;0;NaN;0;0;NaN;0;0;0;0;-2000;-266.4129;-500
1036;3;-5212.692;0;1.666667;1.666667;1.666667;0;0;NaN;1;0;0;20;-4000;-232.6945;-1000
1037;1;-766.4182;0;0;0;NaN;0;0;NaN;0;0;0;0;0;-266.4129;-500
1038;1;-192.2344;0;2.666667;2.666667;2.666667;0;0;NaN;1;0;0;20;0;-212.2345;0
1039;0;-658.7137;0;0;0;NaN;0;0;NaN;0;0;0;0;0;-658.7137;0
1040;1;-1132.744;0;0;0;NaN;0;0;NaN;0;0;0;0;0;-632.73;-500
1041;1;-753.7866;0;0;0;NaN;0;0;NaN;0;0;0;0;0;-253.7813;-500
1042;1;-275.5026;0;4.666667;4.666667;4.666667;0;0;NaN;1;0;0;20;0;-295.5027;0
1043;1;-741.2296;0;0;0;NaN;0;0;NaN;0;0;0;0;0;-241.2233;-500
1044;1;-729.3929;0;0;0;NaN;0;0;NaN;0;0;0;0;0;-229.3847;-500
1045;2;-1917.557;0;0;0;NaN;0;0;NaN;0;0;0;0;0;-917.5526;-1000
1046;0;-193.0065;0;0;0;NaN;0;0;NaN;0;0;0;0;0;-193.0065;0
1047;1;-1082.49;0;0;0;NaN;0;0;NaN;0;0;0;0;0;-582.4875;-500
1048;0;-291.2428;0;0;0;NaN;0;0;NaN;0;0;0;0;0;-291.2428;0
1049;3;-5766.417;0;0;0;NaN;0;0;NaN;0;0;0;0;-4000;-266.4129;-1500
1050;2;-3278.471;0;0;0;NaN;0;0;NaN;0;0;0;0;-2000;-278.4682;-1000
1051;2;-1241.229;0;0;0;NaN;0;0;NaN;0;0;0;0;0;-241.2233;-1000
1052;1;-2829.357;0;0;0;NaN;0;0;NaN;0;0;0;0;-2000;-329.3544;-500
1053;1;-716.9764;0;0;0;NaN;0;0;NaN;0;0;0;0;0;-216.9697;-500
1054;2;-1216.973;0;0;0;NaN;0;0;NaN;0;0;0;0;0;-216.9697;-1000
1055;0;-291.2428;0;0;0;NaN;0;0;NaN;0;0;0;0;0;-291.2428;0
1056;2;-3409.25;0;0;0;NaN;0;0;NaN;0;0;0;0;-2000;-409.2559;-1000
1057;0;-216.9697;0;0;0;NaN;0;0;NaN;0;0;0;0;0;-216.9697;0
1058;1;-753.7872;0;0;0;NaN;0;0;NaN;0;0;0;0;0;-253.7813;-500
1059;0;-253.7813;0;0;0;NaN;0;0;NaN;0;0;0;0;0;-253.7813;0
1060;1;-729.3893;0;0;0;NaN;0;0;NaN;0;0;0;0;0;-229.3847;-500
1061;2;-3241.223;0;0;0;NaN;0;0;NaN;0;0;0;0;-2000;-241.2233;-1000
1062;3;-5234.545;0;2;2;2;0;0;NaN;1;0;0;20;-4000;-254.5448;-1000
1063;1;-778.4786;0;0;0;NaN;0;0;NaN;0;0;0;0;0;-278.4682;-500
1064;0;-409.2559;0;0;0;NaN;0;0;NaN;0;0;0;0;0;-409.2559;0
1065;3;-3753.784;0;0;0;NaN;0;0;NaN;0;0;0;0;-2000;-253.7813;-1500
1066;1;-212.8756;0;4;4;4;0;0;NaN;1;0;0;20;0;-232.8755;0
1067;1;-680.8105;0;0;0;NaN;0;0;NaN;0;0;0;0;0;-180.8082;-500
1068;0;-253.7813;0;0;0;NaN;0;0;NaN;0;0;0;0;0;-253.7813;0
1069;1;-778.4749;0;0;0;NaN;0;0;NaN;0;0;0;0;0;-278.4682;-500
1070;1;-199.7277;0;1;1;1;0;0;NaN;1;0;0;20;0;-219.7279;0
1071;1;-693.0104;0;0;0;NaN;0;0;NaN;0;0;0;0;0;-193.0065;-500
1072;2;-3216.97;0;0;0;NaN;0;0;NaN;0;0;0;0;-2000;-216.9697;-1000
1073;1;-693.0106;0;0;0;NaN;0;0;NaN;0;0;0;0;0;-193.0065;-500
1074;0;-278.4682;0;0;0;NaN;0;0;NaN;0;0;0;0;0;-278.4682;0
1075;1;-2224.745;0;4.333333;4.333333;4.333333;0;0;NaN;1;0;0;20;-2000;-244.7441;0
1076;0;-304.0911;0;0;0;NaN;0;0;NaN;0;0;0;0;0;-304.0911;0
1077;2;-3019.497;0;0;0;NaN;0;0;NaN;0;0;0;0;-2000;-19.49999;-1000
1078;2;-2741.221;0;0;0;NaN;0;0;NaN;0;0;0;0;-2000;-241.2233;-500
1079;2;-3204.628;0;0;0;NaN;0;0;NaN;0;0;0;0;-2000;-204.6284;-1000
1080;1;-693.0134;0;0;0;NaN;0;0;NaN;0;0;0;0;0;-193.0065;-500
1081;1;-729.3922;0;0;0;NaN;0;0;NaN;0;0;0;0;0;-229.3847;-500
1082;1;-175.4084;0;2.666667;2.666667;2.666667;0;0;NaN;1;0;0;20;0;-195.4085;0
1083;2;-1216.977;0;0;0;NaN;0;0;NaN;0;0;0;0;0;-216.9697;-1000
1084;3;-5232.289;0;1.666667;1.666667;1.666667;0;0;NaN;1;0;0;20;-4000;-252.2815;-1000
1085;2;-1391.873;0;1;1;0.5;0;0;NaN;2;0;0;40;0;-431.8724;-1000
1086;2;-1204.629;0;0;0;NaN;0;0;NaN;0;0;0;0;0;-204.6284;-1000
1087;2;-3304.091;0;0;0;NaN;0;0;NaN;0;0;0;0;-2000;-304.0911;-1000
1088;1;-192.4961;0;1.333333;1.333333;1.333333;0;0;NaN;1;0;0;20;0;-212.4962;0
1089;2;-3433.939;0;0;0;NaN;0;0;NaN;0;0;0;0;-2000;-433.9385;-1000
1090;1;-481.7473;0;5.666666;5.666666;2.833333;0;0;NaN;2;0;0;40;0;-521.7469;0
1091;1;-2741.226;0;0;0;NaN;0;0;NaN;0;0;0;0;-2000;-241.2233;-500
1092;2;-3229.383;0;0;0;NaN;0;0;NaN;0;0;0;0;-2000;-229.3847;-1000
1093;1;-729.3931;0;0;0;NaN;0;0;NaN;0;0;0;0;0;-229.3847;-500
1094;1;-842.426;0;0;0;NaN;0;0;NaN;0;0;0;0;0;-342.4193;-500
1095;1;-680.8146;0;0;0;NaN;0;0;NaN;0;0;0;0;0;-180.8082;-500
1096;1;-1007.575;0;0;0;NaN;0;0;NaN;0;0;0;0;0;-507.5615;-500
1097;1;-200.7882;0;1.333333;1.333333;1.333333;0;0;NaN;1;0;0;20;0;-220.7882;0
1098;3;-5152.326;0;2.333333;2.333333;2.333333;0;0;NaN;1;0;0;20;-4000;-172.3233;-1000
1099;2;-1229.387;0;0;0;NaN;0;0;NaN;0;0;0;0;0;-229.3847;-1000
1100;1;-244.3363;0;3.333333;3.333333;3.333333;0;0;NaN;1;0;0;20;0;-264.3363;0
1101;0;-232.8712;0;6.666667;6.666667;6.666667;0;0;NaN;1;0;0;20;0;-252.8712;0
1102;0;-266.4129;0;0;0;NaN;0;0;NaN;0;0;0;0;0;-266.4129;0
1103;1;-693.0134;0;0;0;NaN;0;0;NaN;0;0;0;0;0;-193.0065;-500
1104;1;-680.8124;0;0;0;NaN;0;0;NaN;0;0;0;0;0;-180.8082;-500
1105;1;-708.574;0;6;6;6;0;0;NaN;1;0;0;20;0;-228.5656;-500
1106;1;-766.4228;0;0;0;NaN;0;0;NaN;0;0;0;0;0;-266.4129;-500
1107;1;-1007.57;0;0;0;NaN;0;0;NaN;0;0;0;0;0;-507.5615;-500
1108;2;-1291.253;0;0;0;NaN;0;0;NaN;0;0;0;0;0;-291.2428;-1000
1109;3;-6056.924;0;0;0;NaN;0;0;NaN;0;0;0;0;-4000;-556.9372;-1500
1110;0;-241.2233;0;0;0;NaN;0;0;NaN;0;0;0;0;0;-241.2233;0
1111;1;-1032.846;0;0;0;NaN;0;0;NaN;0;0;0;0;0;-532.8256;-500
1112;2;-3304.093;0;0;0;NaN;0;0;NaN;0;0;0;0;-2000;-304.0911;-1000
1113;2;-755.5081;0;4.666667;4.666667;4.666667;0;0;NaN;1;0;0;20;0;-275.501;-500
1114;2;-778.4749;0;0;0;NaN;0;0;NaN;0;0;0;0;0;-278.4682;-500
1115;2;-3684.84;0;0;0;NaN;0;0;NaN;0;0;0;0;-2000;-684.8447;-1000
1116;2;-3266.41;0;0;0;NaN;0;0;NaN;0;0;0;0;-2000;-266.4129;-1000
1117;0;-291.2428;0;0;0;NaN;0;0;NaN;0;0;0;0;0;-291.2428;0
1118;0;-266.4129;0;0;0;NaN;0;0;NaN;0;0;0;0;0;-266.4129;0
1119;1;-716.9776;0;0;0;NaN;0;0;NaN;0;0;0;0;0;-216.9697;-500
1120;1;-804.0985;0;0;0;NaN;0;0;NaN;0;0;0;0;0;-304.0911;-500
1121;2;-3608.181;0;0;0;NaN;0;0;NaN;0;0;0;0;-2000;-608.1851;-1000
1122;1;-753.7879;0;0;0;NaN;0;0;NaN;0;0;0;0;0;-253.7813;-500
1123;2;-1316.371;0;0;0;NaN;0;0;NaN;0;0;0;0;0;-316.3631;-1000
1124;1;-220.6419;0;5;5;5;0;0;NaN;1;0;0;20;0;-240.6419;0
1125;1;-741.2322;0;0;0;NaN;0;0;NaN;0;0;0;0;0;-241.2233;-500
1126;0;-204.6284;0;0;0;NaN;0;0;NaN;0;0;0;0;0;-204.6284;0
1127;1;-668.6895;0;0;0;NaN;0;0;NaN;0;0;0;0;0;-168.6836;-500
1128;1;-791.2484;0;0;0;NaN;0;0;NaN;0;0;0;0;0;-291.2428;-500
1129;1;-437.8475;0;2.333333;2.333333;1.166667;0;0;NaN;2;0;0;40;0;-477.8475;0
