Iteration;Decisions;Reward Total;Time;ShortestPickupTime;LongestPickupTime;AveragePickupTime;ShortestDropoffTime;LongestDropoffTime;AverageDropoffTime;TotalPickups;TotalDropoffs;Reward Drop off;Reward Pick up;Reward Same Location;Reward Leftover
1;13;-953.0479;0;136.3333;136.3333;13.63333;47.16668;47.16668;23.58334;10;2;60;200;-300;-913.0479
2;9;-511.0957;0;376.333;376.333;41.81478;31.33331;31.33331;15.66666;9;2;60;180;-100;-651.0958
3;9;-179.4863;0;206.3333;206.3333;20.63333;159.1665;159.1665;39.79162;10;4;120;200;-100;-399.4864
4;8;-513.4936;0;184.3332;184.3332;23.04165;52.00002;52.00002;26.00001;8;2;60;160;0;-733.4935
5;15;-646.2427;0;172.6666;172.6666;21.58333;105.3334;105.3334;26.33335;8;4;120;160;-300;-626.2427
6;14;-708.4667;0;111;111;15.85715;74.50001;74.50001;37.25;7;2;60;140;-300;-608.4667
7;12;-893.0933;0;493.6667;493.6667;49.36668;198.1666;198.1666;49.54166;10;4;120;200;-100;-1113.093
8;15;-526.0585;0;310.9999;310.9999;31.09999;207.9999;207.9999;34.66665;10;6;180;200;-400;-506.0585
9;14;-592.3966;0;166.3334;166.3334;18.48148;96.33334;96.33334;24.08334;9;4;120;180;-200;-692.3966
10;14;-315.358;0;243;243;24.3;306.6666;306.6666;38.33332;10;8;240;200;-300;-455.358
11;15;-104.5015;0;259.6667;259.6667;19.97436;290.9998;290.9998;36.37498;13;8;240;260;-300;-304.5015
12;17;-1102.628;0;239.9998;239.9998;26.66665;182.8333;182.8333;36.56665;9;5;150;180;-300;-1132.628
13;13;-122.4175;0;267.3332;267.3332;22.27777;285.6665;285.6665;35.70831;12;8;240;240;0;-602.4175
14;18;-430.5797;0;472;472;24.84211;269.6667;269.6667;33.70833;19;8;240;380;-400;-650.5796
15;16;19.27333;0;374.3333;374.3333;26.73809;531.1666;531.1666;53.11666;14;10;300;280;-200;-360.7267
16;17;148.0162;0;484.9998;484.9998;28.5294;521.8334;521.8334;47.4394;17;11;330;340;0;-521.9838
17;13;-293.9611;0;234.9999;234.9999;15.66666;387.8331;387.8331;38.78331;15;10;300;300;-100;-793.9612
18;17;183.8261;0;271.9998;271.9998;15.99999;379.833;379.833;29.21792;17;13;390;340;0;-546.1738
19;25;-200.773;0;678.6664;678.6664;28.27777;629.6661;629.6661;39.35413;24;16;480;480;-700;-460.773
20;9;-709.3856;0;70.33334;70.33334;14.06667;19.16667;19.16667;19.16667;5;1;30;100;0;-839.3856
21;23;-339.9763;0;437;437;25.70588;409.5;409.5;34.125;17;12;360;340;-400;-639.9762
22;21;-909.3749;0;449.3335;449.3335;26.43138;685.8333;685.8333;52.75641;17;13;390;340;-400;-1239.375
23;27;-664.6486;0;597.9998;597.9998;29.89999;733.9998;733.9998;52.42856;20;14;420;400;-800;-684.6486
24;26;-841.1174;0;671.9996;671.9996;33.59998;745.1664;745.1664;53.22617;20;14;420;400;-600;-1061.117
25;26;74.23128;0;472.3332;472.3332;21.46969;756.6661;756.6661;44.50977;22;17;510;440;-500;-375.7687
26;16;-668.7424;0;203.6667;203.6667;25.45834;148.6666;148.6666;37.16666;8;4;120;160;-400;-548.7424
27;25;-669.1033;0;507;507;25.35;801.4998;801.4998;44.52776;20;18;540;400;-500;-1109.103
28;15;-973.9403;0;175.6666;175.6666;19.51851;233.1669;233.1669;58.29174;9;4;120;180;-200;-1073.94
29;17;-595.5474;0;122.6666;122.6666;17.52381;92.6667;92.6667;23.16668;7;4;120;140;-300;-555.5474
30;23;339.5455;0;807.6664;807.6664;29.91357;833.9995;833.9995;43.89471;27;19;570;540;-300;-470.4545
31;30;-119.1216;0;815.9995;815.9995;32.63998;944.6666;944.6666;47.23333;25;20;600;500;-600;-619.1216
32;28;61.18034;0;837.9999;837.9999;34.91666;946.3329;946.3329;55.66665;24;17;510;480;-300;-628.8196
33;12;-973.562;0;153.6667;153.6667;25.61112;24.33336;24.33336;24.33336;6;1;30;120;-100;-1023.562
34;22;-1460.307;0;323.6665;323.6665;32.36665;244.1663;244.1663;48.83327;10;5;150;200;-700;-1110.306
35;12;-1599.174;0;192.3333;192.3333;32.05555;163.9999;163.9999;32.79999;6;5;150;120;-300;-1569.174
36;14;-989.9816;0;253;253;31.625;139.8333;139.8333;34.95833;8;4;120;160;-300;-969.9816
37;12;-563.6439;0;160.6666;160.6666;20.08333;98.49995;98.49995;32.83332;8;3;90;160;-100;-713.6438
38;18;-268.4845;0;276.3332;276.3332;23.02777;215.6666;215.6666;26.95833;12;8;240;240;-400;-348.4845
39;30;-551.2493;0;823.6666;823.6666;28.4023;1280;1280;53.33331;29;24;720;580;-500;-1351.249
40;15;-1232.229;0;82.33335;82.33335;13.72223;54.00002;54.00002;27.00001;6;2;60;120;-400;-1012.229
41;21;-535.6257;0;374.6665;374.6665;24.97776;424.6662;424.6662;47.18513;15;9;270;300;-600;-505.6257
42;19;-1147.639;0;359.3332;359.3332;27.64101;375.3332;375.3332;41.70369;13;9;270;260;-400;-1277.639
43;15;-682.7184;0;258.6667;258.6667;25.86666;300.9997;300.9997;42.99996;10;7;210;200;-200;-892.7184
44;33;566.5392;0;1103.333;1103.333;33.43432;1379.833;1379.833;51.10492;33;27;810;660;-500;-403.4609
45;12;-1206.861;0;95.00002;95.00002;19;43.33331;43.33331;43.33331;5;1;30;100;-400;-936.8613
46;17;-746.0386;0;441.3334;441.3334;31.52382;353.8334;353.8334;39.31482;14;9;270;280;-300;-996.0385
47;13;-498.8576;0;335.3334;335.3334;30.48486;146.4999;146.4999;36.62498;11;4;120;220;-100;-738.8577
48;14;-729.9107;0;138.6667;138.6667;23.11111;107.1666;107.1666;26.79166;6;4;120;120;0;-969.9107
49;16;-163.3987;0;286;286;19.06667;197;197;32.83333;15;6;180;300;-100;-543.3987
50;11;-1119.756;0;265.6668;265.6668;44.2778;41.66665;41.66665;41.66665;6;1;30;120;-200;-1069.756
51;20;-869.1283;0;352.3331;352.3331;32.03028;147.3334;147.3334;49.11114;11;3;90;220;-500;-679.1283
52;14;-305.5911;0;468.333;468.333;33.45236;250.4999;250.4999;35.7857;14;7;210;280;-100;-695.591
53;29;-245.2529;0;655;655;25.19231;816.1666;816.1666;40.80833;26;20;600;520;-800;-565.2529
54;11;-831.0419;0;217.9999;217.9999;21.79999;131.6666;131.6666;32.91666;10;4;120;200;-100;-1051.042
55;16;-1010.006;0;139;139;17.37499;135.3331;135.3331;33.83329;8;4;120;160;-400;-890.0062
56;18;-895.3758;0;251.3333;251.3333;22.84849;249.6667;249.6667;35.66667;11;7;210;220;-600;-725.3758
57;14;-1158.011;0;252.0003;252.0003;50.40005;88.33328;88.33328;44.16664;5;2;60;100;-300;-1018.012
58;14;-404.4919;0;245.6666;245.6666;24.56666;107.5;107.5;26.87501;10;4;120;200;-100;-624.4918
59;19;-24.17631;0;673.3331;673.3331;39.60783;635.4998;635.4998;52.95831;17;12;360;340;-400;-324.1763
60;16;-1087.117;0;104.6667;104.6667;14.95238;70.49998;70.49998;17.625;7;4;120;140;-700;-647.1174
61;18;-170.7023;0;386.9998;386.9998;22.7647;553.6663;553.6663;42.58972;17;13;390;340;-400;-500.7023
62;22;-298.1448;0;460.9998;460.9998;27.11763;331.8331;331.8331;36.87035;17;9;270;340;-400;-508.1448
63;17;-622.686;0;299.3333;299.3333;21.38095;318.3333;318.3333;35.37036;14;9;270;280;-200;-972.686
64;20;-357.9708;0;299;299;21.35714;367.6666;367.6666;40.85185;14;9;270;280;-300;-607.9708
65;18;-1085.02;0;117.6667;117.6667;14.70834;225.5;225.5;45.09999;8;5;150;160;-100;-1295.02
66;27;-447.751;0;682.0002;682.0002;34.10001;951.6662;951.6662;59.47914;20;16;480;400;-600;-727.7511
67;23;-535.6029;0;320.3333;320.3333;16.85965;724.3331;724.3331;48.28887;19;15;450;380;-300;-1065.603
68;20;-365.4978;0;506.6665;506.6665;28.14814;495.9998;495.9998;41.33332;18;12;360;360;-700;-385.4978
69;26;744.0417;0;581.9998;581.9998;22.38461;703.3332;703.3332;35.16666;26;20;600;520;0;-375.9583
70;27;323.2371;0;620.9999;620.9999;24.83999;730.8329;730.8329;33.21968;25;22;660;500;-300;-536.7629
71;22;-532.064;0;407.3334;407.3334;22.62963;407.1668;407.1668;50.89585;18;8;240;360;-500;-632.0641
72;42;248.3824;0;1528;1528;36.38095;1797.333;1797.333;51.35238;42;35;1050;840;-1000;-641.6176
73;12;-417.6027;0;351.6667;351.6667;29.30556;163.3332;163.3332;40.8333;12;4;120;240;-100;-677.6028
74;40;594.0218;0;982.9999;982.9999;26.56756;1363;1363;40.08823;37;34;1020;740;-700;-465.9781
75;14;-449.1345;0;234.3333;234.3333;21.30303;362.0001;362.0001;72.40002;11;5;150;220;-100;-719.1345
76;28;-216.9676;0;610.333;610.333;30.51665;954.9995;954.9995;53.05553;20;18;540;400;-600;-556.9676
77;12;-1631.675;0;159.3334;159.3334;26.55556;42.99998;42.99998;42.99998;6;1;30;120;-300;-1481.675
78;16;-341.3766;0;427.6665;427.6665;25.15685;307.9999;307.9999;30.79999;17;10;300;340;-300;-681.3766
79;11;-814.8159;0;167.6666;167.6666;23.95237;67.83329;67.83329;33.91665;7;2;60;140;-400;-614.8159
80;17;-995.7383;0;340.6669;340.6669;34.06669;195.5;195.5;32.58334;10;6;180;200;-600;-775.7383
81;16;-372.7851;0;148.6667;148.6667;14.86667;209.6665;209.6665;34.94442;10;6;180;200;-100;-652.7851
82;15;-72.85843;0;292.3332;292.3332;22.48717;390.1665;390.1665;35.46968;13;11;330;260;-100;-562.8584
83;16;-382.1578;0;251.3332;251.3332;22.84847;158.1667;158.1667;31.63333;11;5;150;220;-200;-552.1578
84;31;-712.9372;0;728.0002;728.0002;36.40001;760.6664;760.6664;47.54165;20;16;480;400;-1300;-292.9372
85;31;95.99185;0;547.9999;547.9999;19.57143;828.3329;828.3329;34.51387;28;24;720;560;-400;-784.0082
86;21;-713.1895;0;488.3332;488.3332;25.70175;455.9998;455.9998;45.59998;19;10;300;380;-600;-793.1895
87;14;-559.4896;0;264.3334;264.3334;24.03031;361.8333;361.8333;60.30555;11;6;180;220;-200;-759.4896
88;18;-941.3617;0;149.6667;149.6667;18.70834;272.1665;272.1665;45.36108;8;6;180;160;-500;-781.3617
89;33;142.0854;0;612.9998;612.9998;21.89285;966.8329;966.8329;40.28471;28;24;720;560;-600;-537.9145
90;20;-147.2256;0;349.3332;349.3332;20.54901;390.1663;390.1663;35.46966;17;11;330;340;-100;-717.2256
91;22;-627.556;0;489.3332;489.3332;25.75438;412.9999;412.9999;31.76922;19;13;390;380;-500;-897.556
92;17;-327.7465;0;102;102;9.272726;107.6667;107.6667;26.91668;11;4;120;220;-300;-367.7465
93;17;-821.4935;0;274.6666;274.6666;27.46666;277.9998;277.9998;39.71426;10;7;210;200;-500;-731.4935
94;17;-463.1259;0;374.3333;374.3333;34.0303;242.8333;242.8333;30.35416;11;8;240;220;-400;-523.1259
95;15;-52.98129;0;331.6666;331.6666;23.69047;242.5002;242.5002;24.25002;14;10;300;280;-200;-432.9813
96;15;-732.9865;0;198.6667;198.6667;22.07408;48.99999;48.99999;16.33333;9;3;90;180;-400;-602.9866
97;28;-1200.483;0;550.3334;550.3334;32.37255;698.9996;698.9996;49.92855;17;14;420;340;-600;-1360.483
98;20;-1106.457;0;253.9998;253.9998;28.22219;215.8332;215.8332;43.16664;9;5;150;180;-600;-836.4573
99;15;-741.6386;0;160;160;19.99999;117.3334;117.3334;29.33335;8;4;120;160;-300;-721.6386
100;20;-439.0771;0;350.6665;350.6665;25.04761;351.5001;351.5001;31.95455;14;11;330;280;-600;-449.0771
101;11;-438.7669;0;128;128;12.8;142.8333;142.8333;28.56667;10;5;150;200;-100;-688.767
102;13;-101.1031;0;541.6663;541.6663;41.66664;448.4999;448.4999;56.06249;13;8;240;260;-100;-501.103
103;10;-848.0442;0;71.6666;71.6666;23.88887;38.00001;38.00001;19;3;2;60;60;-100;-868.0442
104;20;-936.1815;0;204.6667;204.6667;17.05556;189.1665;189.1665;47.29164;12;4;120;240;-400;-896.1815
105;25;-116.2302;0;1026.333;1026.333;44.62317;791.4991;791.4991;46.55877;23;17;510;460;-100;-986.23
106;17;-826.5234;0;357.6667;357.6667;35.76667;173.3331;173.3331;57.7777;10;3;90;200;-400;-716.5234
107;20;-974.6057;0;481.6664;481.6664;37.05126;262.6665;262.6665;43.77776;13;6;180;260;-400;-1014.606
108;20;-454.2682;0;544;544;32;321.4999;321.4999;35.72221;17;9;270;340;-400;-664.2682
109;10;-514.5833;0;116.6667;116.6667;23.33334;76.16667;76.16667;25.38889;5;3;90;100;0;-704.5833
110;17;-400.1841;0;228.6667;228.6667;19.05556;171.3334;171.3334;34.26667;12;5;150;240;-300;-490.1841
111;24;-1648.226;0;463.9999;463.9999;33.14285;362.3329;362.3329;45.29162;14;8;240;280;-700;-1468.226
112;18;-567.5064;0;308.9999;308.9999;23.76922;176.8332;176.8332;29.47221;13;6;180;260;-500;-507.5065
113;12;-535.2783;0;374.3332;374.3332;31.19443;287.3332;287.3332;41.0476;12;7;210;240;-100;-885.2783
114;16;-767.3079;0;140.6666;140.6666;17.58333;183.8332;183.8332;36.76665;8;5;150;160;-200;-877.3079
115;9;-1159.304;0;16;16;5.333333;0;0;NaN;3;0;0;60;0;-1219.304
116;11;-617.0206;0;149;149;21.28572;42.00002;42.00002;21.00001;7;2;60;140;0;-817.0206
117;16;-1033.037;0;170.3333;170.3333;24.33333;73.83335;73.83335;24.61112;7;3;90;140;-300;-963.0373
118;19;-1306.905;0;577.0001;577.0001;36.06251;412.6664;412.6664;45.85182;16;9;270;320;-500;-1396.905
119;13;-441.0592;0;144;144;12;148.1666;148.1666;29.63333;12;5;150;240;-300;-531.0592
120;13;-1153.239;0;72.00002;72.00002;18.00001;21;21;21;4;1;30;80;-400;-863.2385
121;15;-501.7346;0;492.9999;492.9999;32.86666;127.1667;127.1667;25.43334;15;5;150;300;-300;-651.7346
122;16;-1071.766;0;162.9999;162.9999;18.1111;133.6666;133.6666;26.73332;9;5;150;180;-200;-1201.766
123;21;-740.7252;0;362.3333;362.3333;21.31372;446.333;446.333;44.6333;17;10;300;340;-500;-880.7251
124;31;-200.4224;0;588.3332;588.3332;24.51388;1006.666;1006.666;43.7681;24;23;690;480;-600;-770.4225
125;19;-568.9528;0;415.9997;415.9997;20.79998;846.3335;846.3335;70.52779;20;12;360;400;-300;-1028.953
126;33;-158.0671;0;877.9998;877.9998;28.32257;1104.833;1104.833;50.21967;31;22;660;620;-600;-838.0671
127;35;367.4104;0;708.6666;708.6666;20.84313;1227.166;1227.166;43.82737;34;28;840;680;-600;-552.5895
128;19;-916.0715;0;334.3333;334.3333;23.88095;128.8333;128.8333;32.20833;14;4;120;280;-500;-816.0715
129;12;-691.5217;0;122.3334;122.3334;15.29167;176.3333;176.3333;44.08332;8;4;120;160;-100;-871.5217
130;20;-617.0079;0;451.3331;451.3331;30.08887;723.6664;723.6664;55.66665;15;13;390;300;-500;-807.0079
131;18;-383.3653;0;138;138;13.8;132.3333;132.3333;26.46667;10;5;150;200;-100;-633.3654
132;31;-417.6105;0;566.6667;566.6667;24.63768;668.9998;668.9998;41.81248;23;16;480;460;-700;-657.6105
133;14;-586.835;0;210.3333;210.3333;17.52778;301.4998;301.4998;37.68747;12;8;240;240;-200;-866.8349
134;16;-844.9465;0;91.33334;91.33334;11.41667;134.6666;134.6666;33.66665;8;4;120;160;-500;-624.9465
135;14;-614.6834;0;109.6666;109.6666;15.66665;109.1666;109.1666;27.29166;7;4;120;140;-400;-474.6834
136;17;-110.9206;0;427.6665;427.6665;32.89743;370.6666;370.6666;37.06666;13;10;300;260;-200;-470.9206
137;16;-489.6056;0;319;319;26.58333;185.3333;185.3333;30.88888;12;6;180;240;-200;-709.6055
138;16;-226.701;0;372.3333;372.3333;31.02777;399.833;399.833;44.42589;12;9;270;240;-200;-536.701
139;31;-739.2089;0;519.6666;519.6666;27.35087;775.3332;775.3332;51.68888;19;15;450;380;-900;-669.2089
140;17;-713.1642;0;400.9998;400.9998;26.73332;87.16659;87.16659;21.79165;15;4;120;300;-500;-633.1642
141;33;-123.43;0;823.9999;823.9999;27.46667;1023.166;1023.166;40.92665;30;25;750;600;-800;-673.4299
142;13;-347.3553;0;297.333;297.333;21.23807;304.833;304.833;38.10412;14;8;240;280;-200;-667.3554
143;15;-11.39869;0;485.6664;485.6664;26.98147;978.5;978.5;65.23333;18;15;450;360;-100;-721.3986
144;15;-250.4656;0;234;234;21.27272;120.6666;120.6666;30.16664;11;4;120;220;-200;-390.4656
145;29;-749.2201;0;624.0001;624.0001;24;934.6665;934.6665;51.92592;26;18;540;520;-600;-1209.22
146;20;-467.936;0;282.3333;282.3333;20.16666;397.5;397.5;36.13636;14;11;330;280;-500;-577.936
147;22;-25.21232;0;386.9998;386.9998;24.18749;596.1663;596.1663;42.58331;16;14;420;320;-300;-465.2123
148;14;-977.9551;0;45.66666;45.66666;15.22222;74.33324;74.33324;37.16662;3;2;60;60;-200;-897.9551
149;18;-728.0271;0;289.6665;289.6665;26.33331;172.6666;172.6666;28.77777;11;6;180;220;-400;-728.0271
150;26;-20.41683;0;686.9999;686.9999;27.48;735.8334;735.8334;36.79167;25;20;600;500;-300;-820.4169
151;18;125.5198;0;472.9999;472.9999;27.82352;606.9996;606.9996;43.35712;17;14;420;340;-200;-434.4803
152;16;-656.3813;0;401.3332;401.3332;36.48484;279.1667;279.1667;69.79166;11;4;120;220;-200;-796.3813
153;19;-980.5001;0;259.9998;259.9998;23.63635;161.1665;161.1665;32.23331;11;5;150;220;-700;-650.5001
154;15;53.83319;0;323.3333;323.3333;19.01961;367.4998;367.4998;40.83331;17;9;270;340;-300;-256.1668
155;15;-1532.768;0;87.99998;87.99998;17.6;135.3332;135.3332;45.11106;5;3;90;100;-400;-1322.768
156;39;820.2704;0;985.3331;985.3331;25.26495;1385.166;1385.166;41.97472;39;33;990;780;-600;-349.7297
157;45;588.5151;0;1238.333;1238.333;30.20325;1818.833;1818.833;50.52314;41;36;1080;820;-900;-411.4849
158;11;-42.58866;0;349.3333;349.3333;31.75757;327.1664;327.1664;40.8958;11;8;240;220;0;-502.5886
159;19;-492.84;0;210.3333;210.3333;17.52778;205.3333;205.3333;41.06665;12;5;150;240;-300;-582.84
160;32;-856.377;0;527.0002;527.0002;29.27779;596.6665;596.6665;39.77777;18;15;450;360;-600;-1066.377
161;17;-452.4262;0;228.6667;228.6667;15.24444;254.3334;254.3334;28.25927;15;9;270;300;-200;-822.4262
162;16;-451.9178;0;350.3333;350.3333;35.03333;208.1667;208.1667;34.69445;10;6;180;200;-300;-531.9178
163;18;-105.4477;0;277.3333;277.3333;21.33333;267.6667;267.6667;26.76667;13;10;300;260;-100;-565.4478
164;14;-638.3538;0;174.3333;174.3333;13.41026;321.6665;321.6665;45.95235;13;7;210;260;-300;-808.3538
165;14;-466.7331;0;126.6667;126.6667;12.66667;245.1666;245.1666;49.03332;10;5;150;200;-200;-616.7332
166;30;-290.399;0;433.3332;433.3332;22.80701;616.1664;616.1664;41.07776;19;15;450;380;-800;-320.399
167;14;-244.7353;0;195.3334;195.3334;17.75758;121.3333;121.3333;30.33332;11;4;120;220;0;-584.7353
168;16;-925.4742;0;194.6668;194.6668;16.22223;197.8333;197.8333;39.56667;12;5;150;240;-400;-915.4742
169;29;-385.1549;0;904.0001;904.0001;41.09091;977.1667;977.1667;51.42983;22;19;570;440;-900;-495.1549
170;15;-342.76;0;138.6667;138.6667;13.86667;176.3334;176.3334;29.38891;10;6;180;200;-300;-422.76
171;30;-382.4607;0;696.6669;696.6669;30.28986;668.3331;668.3331;41.77082;23;16;480;460;-800;-522.4607
172;13;-1347.193;0;103.6667;103.6667;20.73333;43.8333;43.8333;43.8333;5;1;30;100;-400;-1077.193
173;19;-898.2858;0;173.3333;173.3333;19.25926;165.1667;165.1667;27.52778;9;6;180;180;-400;-858.2858
174;17;-203.1746;0;430.6665;430.6665;33.12819;408.333;408.333;40.8333;13;10;300;260;-200;-563.1746
175;15;-209.6224;0;209.3333;209.3333;19.0303;251.1665;251.1665;31.39582;11;8;240;220;-300;-369.6224
176;16;-684.2123;0;288.3332;288.3332;32.03702;167;167;33.39999;9;5;150;180;-200;-814.2123
177;19;-278.0541;0;462.3334;462.3334;30.82223;384.3331;384.3331;42.70368;15;9;270;300;-200;-648.0541
178;24;-315.1694;0;746.3333;746.3333;39.2807;668.9996;668.9996;51.46151;19;13;390;380;-400;-685.1694
179;15;-884.9936;0;272.3334;272.3334;20.94872;440.1669;440.1669;62.88099;13;7;210;260;-400;-954.9935
180;17;-1049.667;0;122.3333;122.3333;20.38888;206.4998;206.4998;51.62494;6;4;120;120;-500;-789.6669
181;13;21.78086;0;425.9996;425.9996;28.39997;428.9998;428.9998;47.66664;15;9;270;300;-100;-448.2191
182;37;-778.3357;0;710.9999;710.9999;30.91304;847.3329;847.3329;42.36665;23;20;600;460;-1000;-838.3357
183;21;-1349.73;0;272.3333;272.3333;22.69444;389.8334;389.8334;43.31482;12;9;270;240;-600;-1259.73
184;16;-1588.275;0;283.3331;283.3331;35.41664;38.16667;38.16667;38.16667;8;1;30;160;-600;-1178.275
185;21;-644.9222;0;469.9998;469.9998;29.37499;304.1666;304.1666;38.02082;16;8;240;320;-200;-1004.922
186;36;542.3242;0;1012;1012;24.68293;1697.333;1697.333;51.43433;41;33;990;820;-700;-567.6758
187;46;835.3171;0;1670.999;1670.999;35.55318;2016.999;2016.999;48.02378;47;42;1260;940;-900;-464.6829
188;18;-279.5901;0;369.9999;369.9999;18.5;488.3331;488.3331;44.39392;20;11;330;400;-200;-809.5901
189;14;359.2548;0;651.3331;651.3331;34.28069;443.6664;443.6664;31.69046;19;14;420;380;-100;-340.7452
190;13;-651.3145;0;95;95;11.875;185;185;36.99999;8;5;150;160;-300;-661.3145
191;16;170.7832;0;533.3333;533.3333;31.37255;745.1669;745.1669;53.2262;17;14;420;340;-100;-489.2168
192;12;-1132.749;0;75.33334;75.33334;12.55556;26.83335;26.83335;26.83335;6;1;30;120;-300;-982.7493
193;13;-777.4357;0;102;102;20.39999;36.50001;36.50001;36.50001;5;1;30;100;-100;-807.4357
194;15;-817.6985;0;149.6667;149.6667;21.38095;116.5;116.5;23.29999;7;5;150;140;-600;-507.6984
195;16;-271.3604;0;419.6665;419.6665;22.08771;547.3331;547.3331;45.61109;19;12;360;380;-200;-811.3604
196;20;-507.4423;0;174.6667;174.6667;11.64445;271.9999;271.9999;33.99999;15;8;240;300;-200;-847.4423
197;13;-218.5284;0;367.9998;367.9998;33.45453;195.1666;195.1666;32.52777;11;6;180;220;-200;-418.5284
198;17;-504.3281;0;372.6666;372.6666;31.05555;155.4999;155.4999;31.09998;12;5;150;240;-300;-594.3282
199;16;-1416.443;0;64.66666;64.66666;12.93333;106.9999;106.9999;35.66665;5;3;90;100;-500;-1106.443
200;11;-1521.412;0;152;152;25.33333;85.99992;85.99992;42.99996;6;2;60;120;-300;-1401.412
201;22;-27.44625;0;518.6666;518.6666;25.93333;541.333;541.333;36.08887;20;15;450;400;-200;-677.4462
202;19;-24.35582;0;320;320;18.82353;328.1665;328.1665;29.83332;17;11;330;340;-200;-494.3558
203;30;-1048.935;0;680.3331;680.3331;27.21333;986.3325;986.3325;54.79625;25;18;540;500;-900;-1188.935
204;18;-1066.748;0;117.6667;117.6667;23.53333;76.16667;76.16667;38.08334;5;2;60;100;-200;-1026.748
205;22;-542.9584;0;482;482;28.35294;537.4998;537.4998;48.86362;17;11;330;340;-600;-612.9584
206;20;-625.7097;0;493.9998;493.9998;32.93332;477.666;477.666;53.074;15;9;270;300;-400;-795.7098
207;26;167.6659;0;833.9999;833.9999;29.78571;1024.833;1024.833;44.55795;28;23;690;560;-400;-682.3342
208;16;-561.6605;0;579.9999;579.9999;27.61905;334.9997;334.9997;41.87497;21;8;240;420;-300;-921.6605
209;18;-455.3381;0;448.6666;448.6666;32.04761;355.4997;355.4997;39.49997;14;9;270;280;-400;-605.3381
210;21;-290.6366;0;248;248;14.58823;349.6665;349.6665;34.96665;17;10;300;340;-300;-630.6366
211;15;-725.2607;0;200.9999;200.9999;25.12499;229.3332;229.3332;32.76188;8;7;210;160;-200;-895.2607
212;17;-921.2125;0;316.6664;316.6664;26.38887;153.8333;153.8333;38.45832;12;4;120;240;-400;-881.2125
213;22;486.9069;0;770.6665;770.6665;30.82666;1067.5;1067.5;50.83332;25;21;630;500;-300;-343.0931
214;28;130.0035;0;546.9998;546.9998;22.79166;711.3331;711.3331;39.51851;24;18;540;480;-300;-589.9965
215;22;-948.362;0;528.6666;528.6666;35.24444;568.3332;568.3332;56.83332;15;10;300;300;-400;-1148.362
216;18;-740.7449;0;223;223;22.3;126.5;126.5;42.16665;10;3;90;200;-300;-730.7449
217;14;-542.5439;0;260.9999;260.9999;28.99999;236.8332;236.8332;47.36664;9;5;150;180;-400;-472.5439
218;17;-965.1618;0;364.6665;364.6665;26.04761;328.833;328.833;46.97614;14;7;210;280;-500;-955.1618
219;16;-26.58579;0;319;319;21.26667;389.3333;389.3333;38.93333;15;10;300;300;-200;-426.5858
220;38;-428.0689;0;838.6663;838.6663;31.06172;1555.833;1555.833;59.83973;27;26;780;540;-1000;-748.0689
221;32;417.6307;0;781.9997;781.9997;26.96551;901.666;901.666;40.98482;29;22;660;580;-400;-422.3692
222;17;-708.6464;0;260.6667;260.6667;28.96297;245.4997;245.4997;61.37493;9;4;120;180;-400;-608.6464
223;17;-115.3053;0;670.6669;670.6669;33.53334;529.6661;529.6661;52.96661;20;10;300;400;-300;-515.3054
224;24;-643.2214;0;529.6666;529.6666;31.15686;524.6666;524.6666;47.69696;17;11;330;340;-700;-613.2214
225;8;-1010.5;0;208.0002;208.0002;26.00002;0;0;NaN;8;0;0;160;-100;-1070.5
226;11;-704.3244;0;128.6667;128.6667;16.08333;168.5;168.5;33.7;8;5;150;160;-300;-714.3244
227;34;154.1853;0;773.3331;773.3331;22.74509;1110.166;1110.166;38.2816;34;29;870;680;-900;-495.8147
228;17;-647.5822;0;439.6665;439.6665;29.3111;205;205;25.625;15;8;240;300;-300;-887.5823
229;21;-590.9692;0;572.9998;572.9998;35.81249;433.6666;433.6666;43.36666;16;10;300;320;-600;-610.9692
230;15;-442.154;0;180.0001;180.0001;16.36364;226.3333;226.3333;32.33332;11;7;210;220;-100;-772.154
231;22;423.1203;0;757.9997;757.9997;29.15384;1006;1006;50.3;26;20;600;520;-300;-396.8796
232;13;-1074.347;0;167;167;23.85714;93.83321;93.83321;46.91661;7;2;60;140;-500;-774.3473
233;14;-743.0859;0;63;63;10.5;99.6666;99.6666;24.91665;6;4;120;120;-500;-483.086
234;22;-625.3718;0;232.3333;232.3333;16.59523;245.6667;245.6667;30.70834;14;8;240;280;-300;-845.3717
235;15;-568.5499;0;132.9999;132.9999;12.0909;223.6666;223.6666;37.27776;11;6;180;220;-300;-668.55
236;14;-1134.611;0;370.9997;370.9997;41.22219;0;0;NaN;9;0;0;180;-300;-1014.611
237;15;-1114.425;0;515.3328;515.3328;39.64099;81.83331;81.83331;40.91666;13;2;60;260;-400;-1034.425
238;12;-616.9808;0;155.6666;155.6666;19.45832;161.1666;161.1666;26.8611;8;6;180;160;-400;-556.9808
239;16;-27.50835;0;454.6668;454.6668;26.74511;418.4999;418.4999;46.49998;17;9;270;340;-200;-437.5083
240;16;68.08499;0;375.6665;375.6665;23.47916;499.4997;499.4997;45.40907;16;11;330;320;-100;-481.915
241;30;-20.80747;0;619.6665;619.6665;25.81944;684.4996;684.4996;36.02629;24;19;570;480;-500;-570.8074
242;16;-448.4492;0;245.0001;245.0001;17.5;310.9999;310.9999;34.55555;14;9;270;280;-400;-598.4492
243;18;-577.8719;0;266.3333;266.3333;26.63333;194.6666;194.6666;38.93332;10;5;150;200;-300;-627.8719
244;15;-499.4419;0;436.6666;436.6666;36.38889;201.3333;201.3333;33.55555;12;6;180;240;-200;-719.4419
245;22;-392.5146;0;480.3332;480.3332;30.02082;494.8333;494.8333;41.23611;16;12;360;320;-400;-672.5146
246;15;-1422.135;0;119.3334;119.3334;17.04763;72.83332;72.83332;36.41666;7;2;60;140;-400;-1222.135
247;15;-374.7032;0;381.6666;381.6666;27.2619;257.3333;257.3333;42.88889;14;6;180;280;-100;-734.7033
248;19;-810.2628;0;352.9998;352.9998;29.41665;200.9997;200.9997;40.19995;12;5;150;240;-600;-600.2627
249;21;-1024.996;0;413.6665;413.6665;27.57776;529.8328;529.8328;44.15273;15;12;360;300;-500;-1184.996
250;15;-412.2227;0;467.3334;467.3334;33.38096;389.1664;389.1664;48.64579;14;8;240;280;-400;-532.2227
251;11;-353.9626;0;359.6666;359.6666;35.96666;108.8333;108.8333;36.27778;10;3;90;200;0;-643.9627
252;20;-93.82961;0;1112.001;1112.001;48.34785;891.1667;891.1667;52.42157;23;17;510;460;-100;-963.8297
253;24;-1008.814;0;414.3333;414.3333;27.62222;438.3329;438.3329;39.84845;15;11;330;300;-800;-838.8141
254;22;56.23337;0;442.9999;442.9999;20.13636;701.4997;701.4997;36.92104;22;19;570;440;-300;-653.7666
255;13;15.21656;0;253.3333;253.3333;19.48718;227.3332;227.3332;32.47617;13;7;210;260;-200;-254.7834
256;29;-316.5414;0;776.3333;776.3333;35.28788;852.5;852.5;50.14706;22;17;510;440;-700;-566.5414
257;21;60.07874;0;476.3332;476.3332;21.65151;832.833;832.833;46.2685;22;18;540;440;-400;-519.9213
258;11;-175.0152;0;212.6667;212.6667;19.33333;174.8333;174.8333;34.96666;11;5;150;220;-200;-345.0152
259;17;-453.8883;0;126.3333;126.3333;14.03703;255.3331;255.3331;36.47615;9;7;210;180;-400;-443.8883
260;20;-536.2899;0;422.6666;422.6666;32.51281;339.8333;339.8333;33.98333;13;10;300;260;-500;-596.2899
261;16;-630.8061;0;355.3333;355.3333;22.20833;345.6665;345.6665;38.40739;16;9;270;320;-300;-920.8062
262;13;-1248.684;0;17;17;4.25;73.66663;73.66663;36.83331;4;2;60;80;-200;-1188.684
263;11;-1307.326;0;50.33335;50.33335;25.16668;53.83338;53.83338;26.91669;2;2;60;40;-300;-1107.326
264;19;-290.135;0;533.6665;533.6665;28.08771;421.1665;421.1665;35.09721;19;12;360;380;-300;-730.1351
265;21;-551.1003;0;732.3335;732.3335;40.6852;331.3336;331.3336;33.13337;18;10;300;360;-400;-811.1004
266;9;-1191.759;0;38.33333;38.33333;12.77778;0;0;NaN;3;0;0;60;-200;-1051.759
267;26;-500.0713;0;634.3332;634.3332;25.37333;673.9999;673.9999;44.93333;25;15;450;500;-500;-950.0714
268;11;74.76003;0;248.6666;248.6666;19.1282;308.3336;308.3336;34.25929;13;9;270;260;0;-455.24
269;27;128.3623;0;744.9999;744.9999;32.3913;909.1659;909.1659;45.45829;23;20;600;460;-500;-431.6376
270;14;-569.1946;0;309.3332;309.3332;30.93332;124.1665;124.1665;31.04162;10;4;120;200;-100;-789.1946
271;22;-83.89283;0;636.3331;636.3331;30.30157;923.6667;923.6667;61.57778;21;15;450;420;-200;-753.8928
272;21;-1079.74;0;284.6666;284.6666;25.87878;380.6667;380.6667;42.2963;11;9;270;220;-600;-969.7401
273;19;-982.0838;0;235.6666;235.6666;23.56666;204.3334;204.3334;34.05556;10;6;180;200;-700;-662.0837
274;26;296.4462;0;603.9999;603.9999;23.23076;914.5;914.5;39.76087;26;23;690;520;-400;-513.5538
275;22;-1014.456;0;522.6663;522.6663;32.66664;333.9998;333.9998;41.74997;16;8;240;320;-600;-974.4557
276;37;45.96846;0;1231;1231;34.19443;1776.332;1776.332;53.82825;36;33;990;720;-600;-1064.032
277;34;-28.53336;0;836.9999;836.9999;29.89285;1026.666;1026.666;42.77777;28;24;720;560;-600;-708.5333
278;22;-325.9734;0;364.3331;364.3331;24.28887;414.8335;414.8335;37.71213;15;11;330;300;-400;-555.9734
279;14;-211.7241;0;341.3333;341.3333;20.07843;500.1664;500.1664;45.46967;17;11;330;340;-300;-581.724
280;9;-1095.733;0;34.33335;34.33335;8.583337;19.5;19.5;19.5;4;1;30;80;-100;-1105.733
281;45;-620.6564;0;954.6666;954.6666;29.83333;1278.333;1278.333;47.34565;32;27;810;640;-1000;-1070.656
282;15;-314.579;0;295.6666;295.6666;29.56666;204.9998;204.9998;40.99996;10;5;150;200;0;-664.579
283;14;-636.6785;0;292.9998;292.9998;26.63634;307.8329;307.8329;51.30548;11;6;180;220;-100;-936.6785
284;11;-683.6725;0;123.3334;123.3334;20.55556;63.16671;63.16671;31.58335;6;2;60;120;-100;-763.6725
285;17;-374.1114;0;359.3333;359.3333;22.45833;176.8334;176.8334;25.26192;16;7;210;320;-200;-704.1115
286;32;-229.1442;0;583.6664;583.6664;18.82795;1304;1304;48.29629;31;27;810;620;-800;-859.1442
287;22;-357.1703;0;531.9998;531.9998;31.29411;790.9996;790.9996;49.43747;17;16;480;340;-500;-677.1702
288;18;-442.3882;0;447.3334;447.3334;27.95834;478.3334;478.3334;53.14816;16;9;270;320;-200;-832.3882
289;15;-703.8457;0;161;161;16.09999;271.8333;271.8333;45.30555;10;6;180;200;-100;-983.8456
290;14;-530.726;0;306.6666;306.6666;27.87878;242.3333;242.3333;40.38887;11;6;180;220;-300;-630.726
291;27;-575.2349;0;577.6664;577.6664;26.25757;654.3332;654.3332;36.35184;22;18;540;440;-500;-1055.235
292;23;-1583.623;0;105.3333;105.3333;13.16667;178.3332;178.3332;35.66665;8;5;150;160;-1100;-793.6232
293;17;-52.35633;0;257.3333;257.3333;18.38095;465.6667;465.6667;51.74074;14;9;270;280;-200;-402.3563
294;21;269.7687;0;409.6667;409.6667;22.75926;636.833;636.833;37.46077;18;17;510;360;-400;-200.2312
295;19;-416.3701;0;488.333;488.333;30.52081;399.3332;399.3332;36.30302;16;11;330;320;-100;-966.3701
296;15;-670.3607;0;184.9999;184.9999;30.83332;49.66669;49.66669;24.83334;6;2;60;120;-300;-550.3608
297;18;-701.3728;0;266.9998;266.9998;22.24999;296.8332;296.8332;32.98146;12;9;270;240;-500;-711.3728
298;14;-465.333;0;116.6667;116.6667;14.58334;68.16666;68.16666;22.72222;8;3;90;160;-100;-615.3329
299;17;-694.8702;0;129.3333;129.3333;12.93333;224.4999;224.4999;28.06249;10;8;240;200;-500;-634.8702
300;15;91.53944;0;572.3333;572.3333;35.77083;632.1666;632.1666;57.46969;16;11;330;320;0;-558.4606
301;13;-275.9208;0;343.9999;343.9999;34.39999;206.4998;206.4998;41.29996;10;5;150;200;0;-625.9208
302;15;-667.1508;0;92.66667;92.66667;10.2963;296.1664;296.1664;49.36106;9;6;180;180;-300;-727.1508
303;12;-430.8907;0;167.3334;167.3334;18.5926;258.9998;258.9998;43.16664;9;6;180;180;-100;-690.8907
304;16;-770.2803;0;240.6666;240.6666;20.05555;75.33333;75.33333;25.11111;12;3;90;240;-500;-600.2803
305;38;-844.2908;0;485.9996;485.9996;18.69229;892.9993;892.9993;40.59088;26;22;660;520;-1400;-624.2908
306;23;-805.8366;0;560.6664;560.6664;31.14814;505.1666;505.1666;45.92424;18;11;330;360;-300;-1195.837
307;19;-417.9274;0;220.3333;220.3333;15.73809;515.4996;515.4996;36.8214;14;14;420;280;-300;-817.9274
308;22;-707.5637;0;595.6667;595.6667;31.35088;453.6666;453.6666;34.89743;19;13;390;380;-700;-777.5636
309;15;-1025.29;0;194;194;17.63636;192.6666;192.6666;38.53331;11;5;150;220;-400;-995.2902
310;10;-929.5651;0;147.9998;147.9998;29.59997;185.333;185.333;61.77767;5;3;90;100;-100;-1019.565
311;17;-712.8178;0;357.0001;357.0001;29.75001;270.3333;270.3333;38.61905;12;7;210;240;-400;-762.8178
312;13;-296.0646;0;207.6667;207.6667;17.30556;322.8333;322.8333;35.87036;12;9;270;240;-300;-506.0647
313;9;-764.646;0;147;147;21;72.50004;72.50004;36.25002;7;2;60;140;-100;-864.646
314;53;887.5719;0;1671.333;1671.333;29.32162;2612.332;2612.332;50.23716;57;52;1560;1140;-1000;-812.4283
315;11;-608.2733;0;293.3332;293.3332;29.33332;33.1667;33.1667;33.1667;10;1;30;200;-200;-638.2733
316;12;-490.9346;0;163.3334;163.3334;20.41667;89.83337;89.83337;22.45834;8;4;120;160;-200;-570.9347
317;12;-503.9395;0;83.33331;83.33331;11.90476;89.33335;89.33335;22.33334;7;4;120;140;-100;-663.9394
318;13;-1075.726;0;166.9999;166.9999;23.85713;41.49998;41.49998;41.49998;7;1;30;140;-400;-845.726
319;15;-722.5795;0;357.3333;357.3333;22.33333;149.1666;149.1666;24.8611;16;6;180;320;-600;-622.5795
320;19;454.0907;0;776.666;776.666;36.9841;910.3328;910.3328;47.91225;21;19;570;420;0;-535.9094
321;13;-612.5679;0;293.6667;293.6667;41.95239;212.8332;212.8332;42.56664;7;5;150;140;-200;-702.5679
322;15;-915.1116;0;141.6666;141.6666;20.23808;181.1668;181.1668;45.29169;7;4;120;140;-100;-1075.111
323;13;-550.817;0;171;171;21.375;287.8331;287.8331;47.97219;8;6;180;160;0;-890.817
324;10;-373.7831;0;142.3334;142.3334;17.79167;70.50004;70.50004;23.50001;8;3;90;160;-100;-523.7831
325;21;-259.9248;0;611.3335;611.3335;40.75557;567.6669;567.6669;43.66669;15;13;390;300;-500;-449.9248
326;17;-645.3551;0;367.9997;367.9997;30.66664;204.1666;204.1666;29.16666;12;7;210;240;-300;-795.3551
327;21;144.6353;0;409.9997;409.9997;27.33331;683.6661;683.6661;52.5897;15;13;390;300;-200;-345.3646
328;17;-388.405;0;339.3332;339.3332;30.84847;159.1667;159.1667;31.83334;11;5;150;220;-100;-658.4051
329;13;-1025.375;0;222.3333;222.3333;27.79167;174.1667;174.1667;34.83334;8;5;150;160;-100;-1235.375
330;22;-589.7696;0;249.9999;249.9999;19.23076;265.1666;265.1666;37.88094;13;7;210;260;-500;-559.7696
331;22;-878.9085;0;358.6666;358.6666;21.09804;331.1666;331.1666;41.39583;17;8;240;340;-700;-758.9086
332;18;-301.6678;0;477.3335;477.3335;25.12282;374.4996;374.4996;46.81245;19;8;240;380;-300;-621.6678
333;15;-818.1778;0;273.6667;273.6667;30.40741;163.6665;163.6665;40.91663;9;4;120;180;-300;-818.1778
334;14;-1245.493;0;55.33335;55.33335;9.222226;117.3333;117.3333;29.33332;6;4;120;120;-500;-985.4934
335;11;45.65578;0;274.3332;274.3332;27.43332;261.9999;261.9999;37.42856;10;7;210;200;0;-364.3442
336;20;-1018.478;0;240.3333;240.3333;21.84848;309.1665;309.1665;44.16665;11;7;210;220;-800;-648.4784
337;16;-1233.616;0;388;388;35.27273;274.9998;274.9998;45.8333;11;6;180;220;-300;-1333.616
338;19;-476.1497;0;449.3332;449.3332;28.08333;356.3331;356.3331;39.59257;16;9;270;320;-200;-866.1497
339;31;68.80936;0;630.3333;630.3333;21.73563;878.4998;878.4998;35.13999;29;25;750;580;-500;-761.1906
340;39;52.2851;0;906.6667;906.6667;26.66667;1325;1325;44.16666;34;30;900;680;-600;-927.7149
341;10;-481.7422;0;123.3333;123.3333;17.61905;198.9999;198.9999;39.79998;7;5;150;140;-200;-571.7422
342;16;-383.8845;0;566.6664;566.6664;35.41665;383.8331;383.8331;47.97913;16;8;240;320;-300;-643.8845
343;17;-739.691;0;108.6667;108.6667;18.11111;185.4999;185.4999;37.09998;6;5;150;120;-400;-609.691
344;16;-722.4302;0;287.9998;287.9998;23.99998;202.8331;202.8331;50.70826;12;4;120;240;-300;-782.4302
345;20;332.7986;0;930.3332;930.3332;38.76388;1011.666;1011.666;59.50978;24;17;510;480;-200;-457.2014
346;16;-1330.574;0;75.33334;75.33334;12.55556;153.8332;153.8332;51.27774;6;3;90;120;-400;-1140.574
347;16;-286.6514;0;247.9999;247.9999;22.54545;400.3331;400.3331;44.48146;11;9;270;220;-100;-676.6514
348;13;-889.429;0;470.3336;470.3336;42.7576;229.3334;229.3334;45.86667;11;5;150;220;-200;-1059.429
349;26;-352.2336;0;852.6663;852.6663;37.07244;916.4996;916.4996;48.23682;23;19;570;460;-600;-782.2336
350;13;-788.1125;0;195.3333;195.3333;17.75757;131.8333;131.8333;32.95833;11;4;120;220;-400;-728.1125
351;13;-1343.366;0;176.3333;176.3333;29.38889;169.8331;169.8331;56.61104;6;3;90;120;-200;-1353.366
352;28;-818.994;0;422.6666;422.6666;23.48148;700.1663;700.1663;50.01188;18;14;420;360;-700;-898.994
353;21;-1260.539;0;255.9998;255.9998;23.27271;262.4998;262.4998;52.49996;11;5;150;220;-600;-1030.539
354;20;-384.8;0;522.333;522.333;26.11665;438.6664;438.6664;33.74357;20;13;390;400;-400;-774.8
355;20;-349.4698;0;333.0001;333.0001;27.75001;289;289;48.16666;12;6;180;240;-200;-569.4698
356;30;336.3185;0;675.9998;675.9998;24.14285;937.3329;937.3329;44.6349;28;21;630;560;-500;-353.6815
357;25;53.86045;0;526;526;27.68421;795.9997;795.9997;53.06665;19;15;450;380;-400;-376.1395
358;14;-1613.392;0;119.6667;119.6667;19.94444;0;0;NaN;6;0;0;120;-300;-1433.392
359;19;-456.1614;0;300.9998;300.9998;23.15384;507.5;507.5;50.75;13;10;300;260;-400;-616.1614
360;17;-513.276;0;561.6666;561.6666;51.0606;264.9998;264.9998;52.99996;11;5;150;220;-300;-583.2759
361;24;-636.4639;0;456.6669;456.6669;25.37038;518.6666;518.6666;39.89743;18;13;390;360;-600;-786.464
362;39;41.72707;0;1254.666;1254.666;34.85183;1569.499;1569.499;49.04684;36;32;960;720;-900;-738.2729
363;25;-315.5061;0;374.9997;374.9997;20.83332;463.9998;463.9998;30.93332;18;15;450;360;-600;-525.5062
364;16;-121.0401;0;275.3333;275.3333;22.94444;289.3333;289.3333;32.14815;12;9;270;240;-200;-431.0401
365;14;-516.5584;0;191.6667;191.6667;19.16667;94.66663;94.66663;23.66666;10;4;120;200;-100;-736.5585
366;22;-1505.306;0;235.0001;235.0001;21.36364;162.8333;162.8333;40.70834;11;4;120;220;-800;-1045.306
367;41;299.6033;0;968.0001;968.0001;26.88889;1317.666;1317.666;42.50536;36;31;930;720;-800;-550.3966
368;14;-1110.365;0;204.9999;204.9999;20.49999;43.83334;43.83334;21.91667;10;2;60;200;-500;-870.3646
369;19;-881.4971;0;394.3333;394.3333;23.19607;403.8329;403.8329;44.87033;17;9;270;340;-200;-1291.497
370;19;-773.4005;0;393.9998;393.9998;35.81816;357.1664;357.1664;44.6458;11;8;240;220;-400;-833.4005
371;11;-846.8571;0;173.6667;173.6667;17.36667;60.00005;60.00005;30.00002;10;2;60;200;-200;-906.8571
372;19;-439.0634;0;351.3333;351.3333;27.02563;316.8332;316.8332;31.68332;13;10;300;260;-400;-599.0634
373;11;-762.6895;0;113.3334;113.3334;22.66667;64.50002;64.50002;32.25001;5;2;60;100;0;-922.6895
374;23;-791.9023;0;230.6667;230.6667;20.9697;272.8333;272.8333;34.10416;11;8;240;220;-400;-851.9023
375;14;-657.5795;0;117.3333;117.3333;16.7619;80.83327;80.83327;26.94442;7;3;90;140;-300;-587.5795
376;19;58.42236;0;651.3333;651.3333;38.31372;622.9998;622.9998;56.63634;17;11;330;340;-200;-411.5777
377;26;43.76045;0;546.3329;546.3329;24.83331;909.3329;909.3329;50.51849;22;18;540;440;-400;-536.2396
378;13;-1109.494;0;335.3333;335.3333;30.48485;159.6667;159.6667;31.93335;11;5;150;220;-400;-1079.494
379;25;-387.7852;0;399.9998;399.9998;24.99998;568.6663;568.6663;47.38886;16;12;360;320;-700;-367.7852
380;14;-111.4019;0;192.3333;192.3333;21.37037;264.6667;264.6667;52.93333;9;5;150;180;0;-441.4019
381;37;-500.3639;0;852.0001;852.0001;27.48387;1166.166;1166.166;46.64664;31;25;750;620;-1100;-770.364
382;20;-788.9821;0;525.3336;525.3336;40.41027;583.1666;583.1666;53.01515;13;11;330;260;-500;-878.9821
383;22;-1004.841;0;356.6668;356.6668;25.4762;549.0001;549.0001;45.75001;14;12;360;280;-1000;-644.8409
384;21;-614.8549;0;497.9998;497.9998;29.29411;820.8334;820.8334;54.72223;17;15;450;340;-400;-1004.855
385;13;-267.1028;0;329.6665;329.6665;25.35896;223.3332;223.3332;37.2222;13;6;180;260;-200;-507.1028
386;17;-284.3128;0;170;170;14.16667;239.0001;239.0001;29.87501;12;8;240;240;-100;-664.3128
387;17;-275.761;0;628.3334;628.3334;29.92064;646.1667;646.1667;46.15476;21;14;420;420;-400;-715.7611
388;17;-1621.476;0;52.99997;52.99997;13.24999;60.33334;60.33334;30.16667;4;2;60;80;-700;-1061.476
389;23;11.51876;0;499;499;29.35294;624.4999;624.4999;41.63332;17;15;450;340;-300;-478.4813
390;26;-960.68;0;613.9998;613.9998;29.23808;570.3331;570.3331;43.87178;21;13;390;420;-1000;-770.68
391;19;-657.262;0;402.6664;402.6664;28.76189;195.6665;195.6665;48.91663;14;4;120;280;-300;-757.262
392;18;-65.69101;0;332.0001;332.0001;20.75;502.6664;502.6664;41.88887;16;12;360;320;-400;-345.691
393;13;-961.1087;0;208.6668;208.6668;29.80954;125.3333;125.3333;31.33332;7;4;120;140;-300;-921.1087
394;22;-219.3315;0;875.6667;875.6667;35.02667;923.6667;923.6667;54.33334;25;17;510;500;-300;-929.3315
395;19;-1045.257;0;166.3334;166.3334;12.79487;305.8332;305.8332;43.69045;13;7;210;260;-400;-1115.257
396;11;-799.8943;0;230;230;28.75;0;0;NaN;8;0;0;160;-100;-859.8943
397;14;-769.4765;0;167;167;16.7;124.5;124.5;41.49999;10;3;90;200;-300;-759.4765
398;17;-1771.446;0;59;59;11.8;56.33327;56.33327;56.33327;5;1;30;100;-500;-1401.446
399;14;-786.6819;0;72.33331;72.33331;12.05555;39.66666;39.66666;19.83333;6;2;60;120;-200;-766.6819
400;31;-373.388;0;569.6668;569.6668;21.09877;977.1666;977.1666;42.4855;27;23;690;540;-600;-1003.388
401;22;-392.5906;0;372.3332;372.3332;23.27083;551.833;551.833;45.98608;16;12;360;320;-400;-672.5906
402;15;-719.7808;0;244.3333;244.3333;30.54166;172.4999;172.4999;43.12497;8;4;120;160;-200;-799.7808
403;30;-44.18065;0;906.333;906.333;31.25286;1283.333;1283.333;51.33331;29;25;750;580;-700;-674.1806
404;14;-64.40379;0;415;415;34.58333;441.6664;441.6664;40.15149;12;11;330;240;-200;-434.4038
405;30;-382.968;0;769.0001;769.0001;33.43479;809.4998;809.4998;44.97221;23;18;540;460;-500;-882.968
406;14;-1494.69;0;315.6666;315.6666;39.45833;181.4999;181.4999;45.37497;8;4;120;160;-100;-1674.69
407;20;-926.4847;0;296.6665;296.6665;29.66665;187.8333;187.8333;37.56666;10;5;150;200;-700;-576.4847
408;16;-1188.339;0;254.9998;254.9998;23.1818;181.9999;181.9999;36.39997;11;5;150;220;-500;-1058.34
409;13;-441.5169;0;243.3333;243.3333;24.33333;184.8333;184.8333;36.96667;10;5;150;200;-200;-591.5168
410;24;-704.0786;0;994.6664;994.6664;39.78666;747.6665;747.6665;53.40475;25;14;420;500;-500;-1124.078
411;14;-677.1882;0;271.6666;271.6666;27.16666;70.33334;70.33334;35.16667;10;2;60;200;-200;-737.1882
412;25;244.1262;0;928.0001;928.0001;30.93334;980.3331;980.3331;46.68253;30;21;630;600;-300;-685.8737
413;12;-806.1442;0;113.3333;113.3333;16.19047;131.1667;131.1667;32.79168;7;4;120;140;-200;-866.1442
414;16;-309.9291;0;273.3333;273.3333;24.84848;333.8331;333.8331;47.69044;11;7;210;220;-400;-339.9291
415;19;-596.722;0;407.6666;407.6666;25.47916;363.1665;363.1665;40.35184;16;9;270;320;-300;-886.7222
416;19;-657.443;0;590.6664;590.6664;32.8148;458.6661;458.6661;50.9629;18;9;270;360;-400;-887.443
417;18;-645.8311;0;551.3334;551.3334;30.62963;258.3334;258.3334;43.05557;18;6;180;360;-300;-885.8311
418;37;-227.9989;0;567.3331;567.3331;18.9111;1302.167;1302.167;46.50595;30;28;840;600;-1000;-667.9989
419;18;-73.65727;0;397.9998;397.9998;20.94736;515.6663;515.6663;42.97219;19;12;360;380;-200;-613.6572
420;13;-427.2272;0;423.6666;423.6666;26.47916;287.5;287.5;31.94444;16;9;270;320;-300;-717.2273
421;17;-626.7713;0;534.3331;534.3331;41.10255;315.1664;315.1664;52.52773;13;6;180;260;-500;-566.7713
422;17;-163.6794;0;403.6664;403.6664;26.91109;488.4996;488.4996;40.7083;15;12;360;300;0;-823.6794
423;24;-948.9514;0;329.3333;329.3333;20.58333;470.1665;470.1665;47.01665;16;10;300;320;-700;-868.9514
424;16;-535.3769;0;527.6665;527.6665;40.58973;466.8332;466.8332;51.87035;13;9;270;260;-300;-765.377
425;19;-733.665;0;249;249;20.75;107.8334;107.8334;21.56668;12;5;150;240;-400;-723.665
426;29;-472.0258;0;852.9999;852.9999;37.08695;1058.833;1058.833;50.42064;23;21;630;460;-600;-962.0259
427;15;230.8594;0;335.9999;335.9999;25.84615;408.3333;408.3333;34.02777;13;12;360;260;-200;-189.1406
428;24;-386.8188;0;397.9999;397.9999;19.9;478.6666;478.6666;36.82051;20;13;390;400;-300;-876.8187
429;24;-1013.375;0;383.6666;383.6666;25.57778;344.8332;344.8332;34.48332;15;10;300;300;-800;-813.3748
430;24;-847.3347;0;594.3331;594.3331;28.30158;635.1664;635.1664;42.34443;21;15;450;420;-400;-1317.335
431;19;169.5901;0;691.0002;691.0002;31.4091;609.4995;609.4995;46.88458;22;13;390;440;-200;-460.4099
432;14;-1353.682;0;211.6666;211.6666;26.45833;134.1666;134.1666;44.7222;8;3;90;160;-400;-1203.682
433;13;-177.4122;0;175.6667;175.6667;14.63889;207.1668;207.1668;25.89585;12;8;240;240;-300;-357.4122
434;27;-313.9037;0;672.9998;672.9998;32.04761;969.4996;969.4996;51.02629;21;19;570;420;-800;-503.9037
435;20;-77.41376;0;299.6667;299.6667;16.64815;523.1667;523.1667;43.59723;18;12;360;360;-300;-497.4137
436;16;-329.1332;0;198.6666;198.6666;22.07406;120.6666;120.6666;24.13332;9;5;150;180;-300;-359.1332
437;39;495.3808;0;1008;1008;29.64705;1291.333;1291.333;41.6559;34;31;930;680;-700;-414.6191
438;13;-833.2532;0;345.9998;345.9998;34.59998;275.4995;275.4995;45.91659;10;6;180;200;-200;-1013.253
439;15;-288.6936;0;295.6665;295.6665;26.87877;417.6669;417.6669;52.20836;11;8;240;220;-100;-648.6936
440;21;-1395.739;0;357.3332;357.3332;23.82221;252.9999;252.9999;31.62499;15;8;240;300;-600;-1335.739
441;18;-719.0984;0;156.6667;156.6667;13.05556;278.1668;278.1668;39.73812;12;7;210;240;-700;-469.0983
442;22;-1009.904;0;361.3332;361.3332;27.79486;186.9999;186.9999;26.71427;13;7;210;260;-700;-779.9041
443;13;-133.1869;0;369.3334;369.3334;21.72549;703.9998;703.9998;58.66665;17;12;360;340;-100;-733.187
444;20;-403.5671;0;623.0001;623.0001;29.66667;603.6664;603.6664;50.30554;21;12;360;420;-400;-783.5671
445;17;89.09015;0;529.3332;529.3332;31.13725;367.1665;367.1665;36.71665;17;10;300;340;-200;-350.9099
446;15;-1063.425;0;245.6667;245.6667;24.56668;120.6666;120.6666;30.16666;10;4;120;200;-300;-1083.425
447;24;-650.1774;0;522.3333;522.3333;26.11666;410.1667;410.1667;31.55129;20;13;390;400;-800;-640.1774
448;20;-415.0469;0;423;423;35.25;492.5001;492.5001;44.77274;12;11;330;240;-300;-685.0468
449;40;236.4722;0;988.3331;988.3331;29.06862;1430.5;1430.5;47.68333;34;30;900;680;-700;-643.5278
450;15;-817.7217;0;103;103;14.71429;86.50005;86.50005;28.83335;7;3;90;140;-200;-847.7217
451;19;-859.7169;0;564.9998;564.9998;31.38888;451.6664;451.6664;45.16664;18;10;300;360;-600;-919.7169
452;22;-513.6636;0;587.3331;587.3331;32.62962;457.3333;457.3333;45.73333;18;10;300;360;-600;-573.6636
453;25;762.0698;0;891.9996;891.9996;30.75861;1072.999;1072.999;44.7083;29;24;720;580;-200;-337.9302
454;25;-285.1445;0;748.9999;748.9999;34.04545;702.8331;702.8331;46.85554;22;15;450;440;-400;-775.1446
455;22;-1003.69;0;207.6665;207.6665;29.66664;136.4999;136.4999;45.49996;7;3;90;140;-500;-733.6903
456;30;-100.0174;0;604.0001;604.0001;24.16;943.4996;943.4996;49.65788;25;19;570;500;-500;-670.0173
457;22;-924.2974;0;638.3335;638.3335;33.5965;352.1664;352.1664;39.1296;19;9;270;380;-700;-874.2974
458;14;-540.5779;0;211;211;19.18181;224.5001;224.5001;44.90002;11;5;150;220;-100;-810.5779
459;14;-613.7531;0;149.6667;149.6667;24.94444;234.4998;234.4998;39.0833;6;6;180;120;-100;-813.7531
460;27;241.1578;0;690;690;25.55556;847.6664;847.6664;42.38332;27;20;600;540;-500;-398.8422
461;15;-534.1077;0;222.6668;222.6668;24.74076;199.5;199.5;33.25;9;6;180;180;-200;-694.1077
462;12;-91.07613;0;136.6667;136.6667;13.66667;306.1666;306.1666;34.01851;10;9;270;200;-100;-461.0761
463;27;-792.5526;0;390.6667;390.6667;27.90476;397.3331;397.3331;39.73331;14;10;300;280;-700;-672.5526
464;17;-443.352;0;369.9999;369.9999;36.99999;208.1665;208.1665;52.04162;10;4;120;200;-300;-463.352
465;21;-1109.538;0;232.6666;232.6666;17.89743;451.1665;451.1665;45.11665;13;10;300;260;-500;-1169.538
466;11;-730.5995;0;89.00001;89.00001;14.83333;57.83334;57.83334;28.91667;6;2;60;120;0;-910.5995
467;19;-439.9811;0;799.3332;799.3332;38.06348;754.9998;754.9998;58.0769;21;13;390;420;-300;-949.9812
468;14;-927.1117;0;120.6667;120.6667;17.23809;40.33334;40.33334;20.16667;7;2;60;140;-500;-627.1117
469;13;-736.9165;0;151.6667;151.6667;18.95834;96.33331;96.33331;32.1111;8;3;90;160;-100;-886.9165
470;35;24.00936;0;860.6664;860.6664;30.73808;1045.833;1045.833;47.53786;28;22;660;560;-700;-495.9906
471;17;-709.0186;0;295;295;21.07143;137.6667;137.6667;22.94445;14;6;180;280;-500;-669.0186
472;15;-535.7031;0;507.6663;507.6663;42.30552;419.8327;419.8327;46.64808;12;9;270;240;-200;-845.7031
473;16;-291.4942;0;366.9999;366.9999;30.58333;422.3333;422.3333;52.79166;12;8;240;240;-400;-371.4942
474;14;-509.7113;0;122.3333;122.3333;17.47618;133.4999;133.4999;33.37498;7;4;120;140;-100;-669.7113
475;19;-815.3123;0;412.6668;412.6668;41.26669;271.4999;271.4999;54.29998;10;5;150;200;-100;-1065.312
476;17;-204.5045;0;227;227;14.1875;464.4999;464.4999;38.70832;16;12;360;320;-200;-684.5045
477;16;-1641.639;0;222.3332;222.3332;27.79165;81.49995;81.49995;40.74997;8;2;60;160;-300;-1561.639
478;9;-488.656;0;267;267;22.25;214.6667;214.6667;42.93335;12;5;150;240;-200;-678.656
479;23;32.51806;0;922.6666;922.6666;40.11594;734.4997;734.4997;45.90623;23;16;480;460;-400;-507.482
480;22;-912.596;0;305.3331;305.3331;27.75756;276.833;276.833;39.54758;11;7;210;220;-600;-742.596
481;19;-177.069;0;476.3336;476.3336;28.01962;723.6663;723.6663;45.22914;17;16;480;340;-400;-597.069
482;20;-598.8395;0;392.9999;392.9999;32.74999;439.8331;439.8331;43.98331;12;10;300;240;-500;-638.8395
483;10;-1104.026;0;219;219;43.80001;103.5;103.5;34.50002;5;3;90;100;-300;-994.0255
484;26;-655.4613;0;279.3333;279.3333;16.43137;731.1665;731.1665;52.22618;17;14;420;340;-800;-615.4614
485;16;-310.9896;0;252.3333;252.3333;28.03703;221.1666;221.1666;36.8611;9;6;180;180;-200;-470.9896
486;14;-679.9277;0;143.6666;143.6666;23.94443;155.6666;155.6666;38.91665;6;4;120;120;-300;-619.9279
487;11;55.64466;0;211.6666;211.6666;16.28204;173.6667;173.6667;24.80952;13;7;210;260;-100;-314.3553
488;30;211.6012;0;832.6666;832.6666;24.49019;853.3331;853.3331;35.55555;34;24;720;680;-400;-788.3988
489;28;-247.6312;0;461.3333;461.3333;21.96825;853.9996;853.9996;47.44442;21;18;540;420;-700;-507.6311
490;39;-286.1739;0;868.9995;868.9995;28.96665;1083.499;1083.499;43.33997;30;25;750;600;-1200;-436.1739
491;18;-462.8963;0;298.9999;298.9999;22.99999;269.9999;269.9999;33.74999;13;8;240;260;-300;-662.8964
492;19;-782.6761;0;352.3332;352.3332;29.3611;276.1668;276.1668;46.0278;12;6;180;240;-500;-702.6762
493;30;1.656496;0;963.9996;963.9996;32.13332;1193.499;1193.499;51.89128;30;23;690;600;-400;-888.3435
494;15;-763.1326;0;153.6667;153.6667;19.20833;102.1667;102.1667;34.05556;8;3;90;160;-200;-813.1326
495;25;-1039.895;0;462.333;462.333;33.02379;430.6661;430.6661;39.15147;14;11;330;280;-800;-849.8954
496;16;-1026.061;0;362.6664;362.6664;20.14814;657.666;657.666;59.78782;18;11;330;360;-100;-1616.061
497;16;-452.9445;0;476.0001;476.0001;29.75001;360.6665;360.6665;51.52378;16;7;210;320;-200;-782.9445
498;20;-103.8045;0;344.9998;344.9998;19.16666;506.4998;506.4998;38.96152;18;13;390;360;-100;-753.8046
499;17;-789.4708;0;254.3332;254.3332;21.19443;210.5;210.5;30.07143;12;7;210;240;-300;-939.4708
500;21;-852.8654;0;394.9999;394.9999;30.38461;319.1665;319.1665;31.91665;13;10;300;260;-600;-812.8654
501;7;-668.0674;0;124.6667;124.6667;20.77779;19.83333;19.83333;19.83333;6;1;30;120;0;-818.0674
502;15;-383.7826;0;285.6665;285.6665;25.96968;199.1666;199.1666;33.19443;11;6;180;220;-300;-483.7826
503;18;-949.0877;0;168.3333;168.3333;21.04166;184.8332;184.8332;30.80554;8;6;180;160;-600;-689.0877
504;21;-227.7097;0;713.9998;713.9998;33.99999;743.8329;743.8329;57.21791;21;13;390;420;-600;-437.7097
505;16;-361.4221;0;390.6665;390.6665;43.40739;311.4997;311.4997;44.49995;9;7;210;180;-300;-451.4221
506;17;-466.299;0;535.3333;535.3333;29.74074;209.1666;209.1666;34.8611;18;6;180;360;-300;-706.2991
507;25;-1188.296;0;622.6669;622.6669;32.77194;416.833;416.833;37.89391;19;11;330;380;-600;-1298.296
508;17;-729.9674;0;368.6666;368.6666;33.51514;255.1666;255.1666;36.45237;11;7;210;220;-500;-659.9675
509;44;-376.2154;0;1299;1299;30.92858;1440.333;1440.333;45.0104;42;32;960;840;-1100;-1076.215
510;27;-220.4278;0;687.6661;687.6661;31.25755;779.333;779.333;41.01753;22;19;570;440;-500;-730.4279
511;29;1.544106;0;508.6665;508.6665;20.34666;906.6668;906.6668;39.4203;25;23;690;500;-900;-288.4559
512;9;-755.8586;0;107.3333;107.3333;13.41667;28.16666;28.16666;14.08333;8;2;60;160;0;-975.8587
513;12;-191.5684;0;189.9999;189.9999;27.14284;165.1666;165.1666;33.03332;7;5;150;140;-100;-381.5684
514;20;28.32258;0;450.3333;450.3333;28.14583;574.3333;574.3333;41.0238;16;14;420;320;-200;-511.6774
515;18;-861.5456;0;127;127;18.14286;86.33337;86.33337;28.77779;7;3;90;140;-600;-491.5457
516;14;-812.5713;0;401.3334;401.3334;25.08334;319.1667;319.1667;31.91667;16;10;300;320;-200;-1232.572
517;27;288.7161;0;951.3329;951.3329;33.97618;905.8325;905.8325;43.13488;28;21;630;560;-400;-501.2839
518;11;-1331.949;0;253;253;36.14286;96.6666;96.6666;48.3333;7;2;60;140;-400;-1131.949
519;18;-276.7905;0;555.9999;555.9999;37.06666;408.5;408.5;40.85;15;10;300;300;-300;-576.7906
520;18;-424.8968;0;252.3333;252.3333;22.93939;126.3334;126.3334;21.05557;11;6;180;220;-200;-624.8969
521;11;-831.7937;0;189.9999;189.9999;31.66665;211.1664;211.1664;52.7916;6;4;120;120;-300;-771.7938
522;22;-726.3811;0;404.6664;404.6664;31.12818;500.6665;500.6665;55.62962;13;9;270;260;-500;-756.3811
523;13;-1006.329;0;287.3332;287.3332;47.88887;67.66665;67.66665;33.83332;6;2;60;120;-500;-686.3293
524;14;-1036.16;0;77.99998;77.99998;11.14285;7.833335;7.833335;7.833335;7;1;30;140;-200;-1006.16
525;14;-1026.938;0;190;190;27.14286;246.8332;246.8332;49.36664;7;5;150;140;-300;-1016.938
526;14;-926.0562;0;147.3333;147.3333;29.46666;107.5;107.5;35.83332;5;3;90;100;-400;-716.0561
527;16;-1502.114;0;80.66665;80.66665;20.16666;16.33333;16.33333;16.33333;4;1;30;80;-800;-812.1136
528;23;-266.9579;0;476.6668;476.6668;25.08773;450.1667;450.1667;30.01111;19;15;450;380;-300;-796.9579
529;15;-429.3626;0;161;161;14.63637;309.3333;309.3333;38.66666;11;8;240;220;-300;-589.3627
530;16;-438.6062;0;234.6667;234.6667;19.55556;326.333;326.333;40.79163;12;8;240;240;-200;-718.6062
531;12;-147.4832;0;322.9999;322.9999;21.53333;212.8334;212.8334;30.40477;15;7;210;300;-100;-557.4832
532;12;-567.9149;0;240.9999;240.9999;26.77777;203.4999;203.4999;40.69997;9;5;150;180;-200;-697.9149
533;23;-99.67309;0;460.6666;460.6666;25.59259;561.9998;561.9998;37.46665;18;15;450;360;-300;-609.6731
534;12;-1218.247;0;120.3334;120.3334;15.04167;49.33336;49.33336;24.66668;8;2;60;160;-200;-1238.247
535;13;-716.4806;0;238.0001;238.0001;26.44445;263.3334;263.3334;43.8889;9;6;180;180;-200;-876.4806
536;12;-514.1701;0;205.9999;205.9999;20.59999;175.9999;175.9999;35.19998;10;5;150;200;-400;-464.1701
537;16;-532.5098;0;494.3331;494.3331;35.30951;413.9995;413.9995;41.39995;14;10;300;280;-200;-912.5098
538;23;-704.7507;0;663.6667;663.6667;33.18334;808.1664;808.1664;47.5392;20;17;510;400;-300;-1314.751
539;14;-793.1424;0;191.3335;191.3335;19.13335;161.3334;161.3334;32.26668;10;5;150;200;-400;-743.1425
540;28;-1020.263;0;774.0005;774.0005;32.25002;430.6666;430.6666;39.15151;24;11;330;480;-800;-1030.263
541;10;-653.2755;0;41.33334;41.33334;8.266667;89.99995;89.99995;44.99998;5;2;60;100;0;-813.2755
542;27;371.8803;0;814.6663;814.6663;31.33332;1012.665;1012.665;48.22216;26;21;630;520;-400;-378.1198
543;13;-1116.801;0;91.66661;91.66661;18.33332;69.00003;69.00003;34.50002;5;2;60;100;-100;-1176.801
544;11;-85.96079;0;183.3333;183.3333;20.37037;257.9999;257.9999;28.66666;9;9;270;180;-100;-435.9608
545;30;-1181.798;0;426.6665;426.6665;22.45613;421.4998;421.4998;35.12499;19;12;360;380;-1000;-921.7982
546;24;19.40777;0;384.0001;384.0001;22.58824;659.4998;659.4998;47.10713;17;14;420;340;-400;-340.5922
547;22;-616.639;0;303.3333;303.3333;20.22222;345;345;34.5;15;10;300;300;-400;-816.639
548;22;-421.0644;0;478.6665;478.6665;28.15685;625.1661;625.1661;44.65472;17;14;420;340;-500;-681.0644
549;19;-709.7432;0;320.6665;320.6665;35.62961;291.1664;291.1664;48.52774;9;6;180;180;-400;-669.7432
550;12;-334.137;0;162.6666;162.6666;20.33332;232.3335;232.3335;38.72224;8;6;180;160;-200;-474.1371
551;16;-500.0008;0;183.3333;183.3333;16.66666;220.6665;220.6665;36.77776;11;6;180;220;-500;-400.0008
552;9;-687.9419;0;123;123;13.66667;87.49994;87.49994;43.74997;9;2;60;180;-100;-827.9419
553;14;-458.6261;0;179.3334;179.3334;17.93334;173.6667;173.6667;28.94446;10;6;180;200;-400;-438.6261
554;45;1029.937;0;1249.666;1249.666;26.58864;1752.999;1752.999;40.76742;47;43;1290;940;-800;-400.0629
555;17;-357.0704;0;391.0001;391.0001;32.58334;415.4999;415.4999;51.93749;12;8;240;240;-300;-537.0704
556;30;458.5374;0;630.9999;630.9999;21.03333;1155.833;1155.833;44.45511;30;26;780;600;-500;-421.4626
557;29;-416.1923;0;538.3333;538.3333;25.63492;865.4998;865.4998;48.08332;21;18;540;420;-800;-576.1923
558;21;-907.1283;0;476.3332;476.3332;39.69443;211.1665;211.1665;35.19441;12;6;180;240;-600;-727.1284
559;15;-592.2941;0;142;142;14.2;103.0001;103.0001;25.75002;10;4;120;200;-300;-612.2941
560;20;-956.2322;0;469.6665;469.6665;36.12819;364.3329;364.3329;52.04757;13;7;210;260;-200;-1226.232
561;30;-167.1088;0;808.3331;808.3331;35.14492;839.0002;839.0002;49.35295;23;17;510;460;-800;-337.1088
562;15;-756.7188;0;193;193;21.44445;141.5;141.5;35.37501;9;4;120;180;-300;-756.7188
563;20;-728.7429;0;381.6666;381.6666;23.85416;302.8333;302.8333;33.64815;16;9;270;320;-600;-718.7429
564;26;13.21894;0;808.3332;808.3332;28.86904;667.3331;667.3331;31.77777;28;21;630;560;-400;-776.7812
565;14;-871.0258;0;119.3334;119.3334;19.88889;133;133;33.25;6;4;120;120;-200;-911.0258
566;13;-355.9212;0;199.9999;199.9999;22.22221;199.6665;199.6665;39.9333;9;5;150;180;-100;-585.9211
567;28;452.0289;0;680.6669;680.6669;22.6889;1072.5;1072.5;44.68749;30;24;720;600;-300;-567.9712
568;11;-466.1161;0;198;198;19.8;53.49991;53.49991;26.74996;10;2;60;200;0;-726.1162
569;20;77.2916;0;452.9997;452.9997;23.84209;547.9999;547.9999;39.14285;19;14;420;380;-400;-322.7084
570;33;-5.93347;0;751.9998;751.9998;30.07999;920.6667;920.6667;41.84849;25;22;660;500;-900;-265.9335
571;18;-563.3843;0;245.6666;245.6666;24.56666;89.66673;89.66673;22.41668;10;4;120;200;-400;-483.3843
572;16;-522.9146;0;256.3333;256.3333;23.30303;162.4998;162.4998;40.62496;11;4;120;220;-200;-662.9147
573;23;-1067.59;0;420.9998;420.9998;28.06665;553.3332;553.3332;55.33332;15;10;300;300;-800;-867.5898
574;12;-694.5324;0;104.3333;104.3333;13.04166;141.8332;141.8332;35.45831;8;4;120;160;-100;-874.5324
575;18;-638.4573;0;172.3332;172.3332;17.23332;283.3333;283.3333;47.22223;10;6;180;200;-300;-718.4573
576;15;-481.9042;0;60.33332;60.33332;5.484848;119.5001;119.5001;23.90001;11;5;150;220;-100;-751.9042
577;32;51.20454;0;670.6666;670.6666;20.95833;1148;1148;45.91998;32;25;750;640;-400;-938.7954
578;27;-1104.165;0;854.3329;854.3329;37.14491;636.8331;636.8331;45.48808;23;14;420;460;-500;-1484.165
579;36;-271.0406;0;624.3333;624.3333;19.51041;1128;1128;38.89654;32;29;870;640;-800;-981.0406
580;13;-463.2775;0;183.3333;183.3333;22.91666;114.6666;114.6666;38.22219;8;3;90;160;-200;-513.2775
581;40;-874.16;0;671.3334;671.3334;24.8642;978.9996;978.9996;46.61903;27;21;630;540;-1200;-844.16
582;9;-405.7353;0;176.6667;176.6667;16.06061;414.3329;414.3329;51.79161;11;8;240;220;-100;-765.7352
583;19;-871.3528;0;115.6666;115.6666;14.45833;206.3332;206.3332;34.38887;8;6;180;160;-700;-511.3528
584;10;-805.4447;0;105;105;15;43.50001;43.50001;21.75;7;2;60;140;-200;-805.4447
585;17;-604.3076;0;236.6666;236.6666;21.51514;173.3333;173.3333;34.66665;11;5;150;220;-600;-374.3076
586;22;-1000.796;0;415.6665;415.6665;24.45097;485.1666;485.1666;40.43055;17;12;360;340;-700;-1000.796
587;12;-1085.859;0;86.66668;86.66668;14.44445;14.5;14.5;14.5;6;1;30;120;-400;-835.8589
588;14;-713.1509;0;411.6667;411.6667;37.42424;255.1663;255.1663;63.79158;11;4;120;220;-100;-953.1508
589;17;-1090.021;0;146.6666;146.6666;18.33333;83.50002;83.50002;27.83334;8;3;90;160;-200;-1140.021
590;21;-4.277883;0;344.3332;344.3332;20.2549;462.833;462.833;38.56942;17;12;360;340;-400;-304.2779
591;30;-80.0872;0;904.3329;904.3329;31.1839;1247.166;1247.166;56.68938;29;22;660;580;-700;-620.0872
592;13;-751.3348;0;260.6665;260.6665;28.96295;98.33339;98.33339;32.7778;9;3;90;180;-300;-721.3348
593;17;-942.1081;0;82.99997;82.99997;10.375;113;113;22.60001;8;5;150;160;-600;-652.1081
594;9;-455.1533;0;124;124;17.71429;31.33335;31.33335;31.33335;7;1;30;140;0;-625.1532
595;30;-604.1377;0;362.9998;362.9998;19.10525;552.4998;552.4998;34.53123;19;16;480;380;-300;-1164.138
596;22;-103.471;0;562.6666;562.6666;23.44444;919.4993;919.4993;43.78568;24;21;630;480;-500;-713.4711
597;22;-931.4713;0;352.9999;352.9999;23.53333;653.3329;653.3329;54.44441;15;12;360;300;-400;-1191.471
598;16;-1066.217;0;97.99992;97.99992;16.33332;108.8333;108.8333;27.20833;6;4;120;120;-700;-606.2175
599;15;-1108.586;0;286.3332;286.3332;28.63332;93.99993;93.99993;46.99997;10;2;60;200;-400;-968.5863
600;20;-241.5579;0;348.6665;348.6665;21.79166;521.1663;521.1663;43.43053;16;12;360;320;-200;-721.5579
601;18;-1091.141;0;262.6667;262.6667;26.26667;262.3331;262.3331;52.46661;10;5;150;200;-600;-841.1414
602;26;-1155.233;0;429.3331;429.3331;26.83332;385.6665;385.6665;38.56665;16;10;300;320;-1100;-675.2334
603;16;-1129.757;0;173.6665;173.6665;21.70831;76.33333;76.33333;25.44444;8;3;90;160;-400;-979.7568
604;29;-1095.393;0;608;608;22.51852;597.3329;597.3329;42.66664;27;14;420;540;-600;-1455.393
605;16;-505.6222;0;258.0001;258.0001;18.42858;636.8333;636.8333;53.06944;14;12;360;280;-200;-945.6222
606;21;-1028.335;0;354.9999;354.9999;23.66666;364.3332;364.3332;40.48147;15;9;270;300;-600;-998.3348
607;17;-190.359;0;407.6664;407.6664;29.11902;513.4993;513.4993;46.68176;14;11;330;280;-200;-600.3589
608;17;-1225.193;0;242.6667;242.6667;30.33333;418.9998;418.9998;52.37497;8;8;240;160;-400;-1225.193
609;26;-505.4847;0;409.0001;409.0001;24.05883;442.1666;442.1666;34.01281;17;13;390;340;-500;-735.4847
610;18;-688.4228;0;391.3333;391.3333;20.59649;468.8332;468.8332;42.6212;19;11;330;380;-100;-1298.423
611;18;-605.8503;0;341.9998;341.9998;37.99997;189.8331;189.8331;37.96662;9;5;150;180;-400;-535.8503
612;19;-1104.219;0;459;459;45.9;305.9997;305.9997;43.71424;10;7;210;200;-600;-914.2192
613;11;-1010.28;0;193.3333;193.3333;24.16666;30.33335;30.33335;30.33335;8;1;30;160;0;-1200.28
614;15;-1476.218;0;67.6667;67.6667;33.83335;0;0;NaN;2;0;0;40;-400;-1116.218
615;28;-103.2051;0;1043.666;1043.666;37.27378;957.4994;957.4994;53.19441;28;18;540;560;-500;-703.2051
616;12;-1021.137;0;42.66666;42.66666;8.533331;64.33335;64.33335;21.44445;5;3;90;100;-100;-1111.136
617;45;-277.632;0;1579.332;1579.332;45.12378;1658.5;1658.5;51.82811;35;32;960;700;-1400;-537.632
618;25;-489.8581;0;454.3333;454.3333;25.24074;582.1669;582.1669;44.78207;18;13;390;360;-700;-539.858
619;11;-373.1987;0;74.33334;74.33334;10.61905;234.1665;234.1665;46.8333;7;5;150;140;-100;-563.1987
620;24;-913.5972;0;291.0001;291.0001;24.25001;287.0001;287.0001;41.00001;12;7;210;240;-600;-763.5972
621;13;-1167.607;0;67.00003;67.00003;16.75001;88.83343;88.83343;88.83343;4;1;30;80;-200;-1077.607
622;15;-669.2482;0;147.3333;147.3333;14.73333;65.83336;65.83336;21.94445;10;3;90;200;-300;-659.2482
623;21;-341.747;0;410.3333;410.3333;27.35556;493.8334;493.8334;44.89394;15;11;330;300;-300;-671.747
624;14;-142.4069;0;288.3333;288.3333;26.21211;312.4998;312.4998;39.06248;11;8;240;220;-100;-502.4069
625;18;-557.451;0;389.6665;389.6665;32.47221;391.4998;391.4998;48.93747;12;8;240;240;-400;-637.451
626;14;-749.6066;0;152.3333;152.3333;19.04167;103.5;103.5;25.87501;8;4;120;160;-300;-729.6066
627;15;-426.4345;0;297.6665;297.6665;21.2619;600.1662;600.1662;54.56056;14;11;330;280;-300;-736.4344
628;49;-536.9576;0;1105;1105;30.69444;1567;1567;48.96874;36;32;960;720;-1200;-1016.958
629;30;-630.062;0;908.3332;908.3332;34.93589;946.3329;946.3329;45.06347;26;21;630;520;-800;-980.062
630;21;-193.9891;0;671.6664;671.6664;31.98412;598.0001;598.0001;46;21;13;390;420;-400;-603.9891
631;20;-342.9578;0;344.9997;344.9997;28.74998;340.3329;340.3329;48.61898;12;7;210;240;-100;-692.9578
632;16;-966.8524;0;77.33333;77.33333;9.666666;186.1666;186.1666;31.02776;8;6;180;160;-400;-906.8525
633;19;-858.108;0;212.3334;212.3334;21.23334;151.6666;151.6666;37.91665;10;4;120;200;-600;-578.108
634;33;-94.92241;0;1025.667;1025.667;34.18889;1401.333;1401.333;53.89741;30;26;780;600;-700;-774.9224
635;12;-167.2808;0;283.3333;283.3333;25.75757;193.5;193.5;27.64286;11;7;210;220;0;-597.2808
636;25;271.7276;0;878.3329;878.3329;30.28734;920.666;920.666;36.82664;29;25;750;580;-400;-658.2725
637;11;-300.5588;0;286.3333;286.3333;22.02563;86;86;21.5;13;4;120;260;-100;-580.5588
638;19;-931.7266;0;163.3332;163.3332;16.33332;89.49999;89.49999;17.9;10;5;150;200;-300;-981.7267
639;25;-326.6021;0;537.3332;537.3332;22.38888;652.833;652.833;38.40194;24;17;510;480;-400;-916.6021
640;22;-556.1346;0;366.6666;366.6666;24.44444;390.8331;390.8331;35.53028;15;11;330;300;-600;-586.1346
641;37;-190.3092;0;1009.333;1009.333;32.55913;1104.666;1104.666;46.02776;31;24;720;620;-800;-730.3091
642;15;-289.0408;0;347.3332;347.3332;21.70833;262.6667;262.6667;29.18519;16;9;270;320;-200;-679.0408
643;12;-727.417;0;339.9997;339.9997;33.99997;305.333;305.333;61.0666;10;5;150;200;-100;-977.417
644;21;-311.505;0;322.9999;322.9999;21.53333;460.1667;460.1667;35.39744;15;13;390;300;-100;-901.5049
645;27;-946.0021;0;207.3333;207.3333;15.94872;238;238;23.8;13;10;300;260;-900;-606.0021
646;18;-505.3033;0;270.3333;270.3333;27.03333;107.6666;107.6666;35.88887;10;3;90;200;-200;-595.3033
647;11;-882.0197;0;159.6666;159.6666;31.93332;52.66671;52.66671;26.33335;5;2;60;100;-200;-842.0198
648;13;-978.163;0;143;143;23.83334;221.3336;221.3336;73.77789;6;3;90;120;-300;-888.163
649;19;-943.5354;0;262.9999;262.9999;20.23076;355.6667;355.6667;44.45834;13;8;240;260;-600;-843.5354
650;26;-323.7938;0;696.6664;696.6664;31.66666;817.333;817.333;40.86665;22;20;600;440;-400;-963.7938
651;16;-720.4261;0;569.9996;569.9996;47.49997;361.6669;361.6669;51.66669;12;7;210;240;-200;-970.426
652;15;-180.3452;0;677.3337;677.3337;42.33336;451.4998;451.4998;45.14997;16;10;300;320;-300;-500.3452
653;23;-780.9622;0;246.6668;246.6668;18.97437;456.3331;456.3331;41.48483;13;11;330;260;-600;-770.9623
654;19;-918.3118;0;366.9998;366.9998;24.46665;413.333;413.333;45.92589;15;9;270;300;-800;-688.3118
655;24;-790.9803;0;463.3333;463.3333;24.38597;401.3333;401.3333;40.13334;19;10;300;380;-600;-870.9803
656;15;-244.9272;0;305.9998;305.9998;23.53845;299.4998;299.4998;29.94998;13;10;300;260;-200;-604.9272
657;23;-1711.116;0;417.6667;417.6667;34.80556;306.6667;306.6667;38.33334;12;8;240;240;-500;-1691.116
658;18;-107.384;0;459.6667;459.6667;30.64445;554.1664;554.1664;42.62818;15;13;390;300;-100;-697.3839
659;11;-98.4592;0;98.33335;98.33335;12.29167;126.6666;126.6666;31.66665;8;4;120;160;-100;-278.4592
660;20;-34.0659;0;728.0001;728.0001;29.12;622.5004;622.5004;36.61767;25;17;510;500;-300;-744.066
661;19;-797.2072;0;460.9998;460.9998;28.81249;314.4996;314.4996;34.9444;16;9;270;320;-600;-787.2072
662;24;-981.1483;0;211.6667;211.6667;16.28206;323;323;40.375;13;8;240;260;-900;-581.1481
663;27;-223.543;0;926.9997;926.9997;37.07999;1031.999;1031.999;51.59996;25;20;600;500;-600;-723.543
664;15;-755.1497;0;221.9999;221.9999;27.74998;198.6666;198.6666;33.1111;8;6;180;160;-300;-795.1497
665;27;-1516.765;0;486.3332;486.3332;32.42221;417.9998;417.9998;46.44443;15;9;270;300;-1000;-1086.765
666;50;868.0137;0;1238.333;1238.333;28.14394;1897;1897;47.425;44;40;1200;880;-900;-311.9863
667;23;-464.9426;0;312;312;20.8;418.6665;418.6665;38.06059;15;11;330;300;-300;-794.9425
668;25;-815.3421;0;601.9995;601.9995;35.41174;492.8333;492.8333;44.80302;17;11;330;340;-800;-685.3421
669;17;-705.9418;0;210.9999;210.9999;19.18181;171;171;34.2;11;5;150;220;-500;-575.9418
670;17;-1116.423;0;255.6668;255.6668;28.40742;137.9999;137.9999;45.99997;9;3;90;180;-200;-1186.422
671;17;-727.3274;0;280.3332;280.3332;25.48483;246.8332;246.8332;49.36664;11;5;150;220;-700;-397.3274
672;24;262.2574;0;415.3334;415.3334;18.05797;600.9999;600.9999;35.35294;23;17;510;460;-300;-407.7426
673;31;297.2968;0;1063.999;1063.999;29.55553;1213.166;1213.166;50.54858;36;24;720;720;-500;-642.7032
674;14;-618.6371;0;173.6666;173.6666;21.70833;108.1667;108.1667;27.04166;8;4;120;160;-200;-698.6372
675;18;-421.8982;0;341.6666;341.6666;21.35416;269.1667;269.1667;29.90741;16;9;270;320;-300;-711.8982
676;28;-934.9023;0;274.0001;274.0001;14.42106;381.8333;381.8333;31.81944;19;12;360;380;-700;-974.9023
677;15;-929.9951;0;154.6667;154.6667;22.09524;111.3333;111.3333;37.1111;7;3;90;140;-500;-659.995
678;21;-1146.896;0;177.6667;177.6667;19.74075;45.16668;45.16668;22.58334;9;2;60;180;-400;-986.8959
679;17;-1306.704;0;384.6669;384.6669;34.96972;194;194;38.79999;11;5;150;220;-500;-1176.704
680;15;-1053.513;0;137.6666;137.6666;19.66666;169.9998;169.9998;56.6666;7;3;90;140;-700;-583.5126
681;34;-472.2533;0;483.6667;483.6667;19.34667;897.1663;897.1663;42.72221;25;21;630;500;-900;-702.2533
682;10;-1020.877;0;90.99999;90.99999;15.16667;67.50001;67.50001;33.75;6;2;60;120;-100;-1100.877
683;29;271.1441;0;1031;1031;33.25806;1291.999;1291.999;53.83331;31;24;720;620;-100;-968.8558
684;24;-463.9979;0;512.6664;512.6664;28.48147;557.6667;557.6667;61.96297;18;9;270;360;-600;-493.9979
685;12;-1178.892;0;117.6667;117.6667;14.70834;52.83334;52.83334;17.61111;8;3;90;160;-300;-1128.892
686;17;-205.2697;0;88;88;8.8;188.5;188.5;26.92858;10;7;210;200;0;-615.2698
687;11;-569.5127;0;86.66667;86.66667;10.83333;75.50004;75.50004;25.16668;8;3;90;160;-200;-619.5127
688;21;-95.74835;0;540.6665;540.6665;30.03703;478.6664;478.6664;34.19045;18;14;420;360;-200;-675.7483
689;16;-82.32136;0;267.3334;267.3334;16.70834;271.0001;271.0001;22.58334;16;12;360;320;0;-762.3214
690;24;-385.6955;0;756.6664;756.6664;32.89854;1086.5;1086.5;54.32498;23;20;600;460;-400;-1045.695
691;52;-1225.854;0;1429.667;1429.667;35.74166;1740.333;1740.333;58.01112;40;30;900;800;-1700;-1225.854
692;20;-284.9583;0;500.6666;500.6666;27.81481;491.4996;491.4996;44.68179;18;11;330;360;-400;-574.9581
693;16;-228.1044;0;291.9998;291.9998;26.54543;339.4999;339.4999;42.43748;11;8;240;220;0;-688.1044
694;27;153.7507;0;939.333;939.333;33.54761;1185.5;1185.5;53.88635;28;22;660;560;-500;-566.2493
695;18;-251.774;0;305.6666;305.6666;19.10416;694.4996;694.4996;49.60712;16;14;420;320;-400;-591.774
696;17;-227.7559;0;380.6666;380.6666;19.03333;693.3334;693.3334;53.33334;20;13;390;400;-200;-817.756
697;19;-553.5538;0;316.0002;316.0002;24.3077;292.5001;292.5001;36.56251;13;8;240;260;-300;-753.5538
698;14;-522.7183;0;262.3332;262.3332;23.84847;140.3334;140.3334;28.06668;11;5;150;220;-300;-592.7183
699;17;-1428.213;0;246.6666;246.6666;24.66666;261.6665;261.6665;37.38092;10;7;210;200;-100;-1738.213
700;15;-225.0284;0;358.6667;358.6667;25.61905;271.4998;271.4998;33.93748;14;8;240;280;-100;-645.0284
701;24;-364.6879;0;420.333;420.333;23.35183;562.6661;562.6661;40.19044;18;14;420;360;-400;-744.6879
702;17;-160.5982;0;407.3331;407.3331;29.09522;486;486;44.18182;14;11;330;280;-300;-470.5982
703;17;-1222.68;0;240.3332;240.3332;18.48717;145.8333;145.8333;29.16666;13;5;150;260;-800;-832.6797
704;18;-630.0889;0;122.3333;122.3333;12.23333;209.8333;209.8333;41.96666;10;5;150;200;-400;-580.0889
705;15;-984.2508;0;341.3333;341.3333;42.66666;225.6665;225.6665;45.13329;8;5;150;160;-400;-894.2508
706;18;-325.3577;0;476.9998;476.9998;34.07141;495.1666;495.1666;55.01851;14;9;270;280;-300;-575.3577
707;19;-617.8793;0;369.6666;369.6666;30.80555;265.1665;265.1665;29.46294;12;9;270;240;-400;-727.8793
708;13;-424.8934;0;97.33334;97.33334;13.90476;68.83334;68.83334;34.41667;7;2;60;140;-100;-524.8934
709;16;-1022.438;0;246.9999;246.9999;19;311.6665;311.6665;38.95831;13;8;240;260;-600;-922.4375
710;17;-760.7874;0;331.3335;331.3335;27.61112;176.3335;176.3335;35.26669;12;5;150;240;-400;-750.7874
711;16;-20.04433;0;342.6667;342.6667;22.84445;456.8333;456.8333;41.5303;15;11;330;300;-100;-550.0444
712;27;-1164.821;0;425.9999;425.9999;28.4;364.9999;364.9999;36.49999;15;10;300;300;-1200;-564.8208
713;17;-836.8391;0;264.6666;264.6666;22.05555;166.3332;166.3332;41.58331;12;4;120;240;-300;-896.8391
714;21;-638.031;0;441.6666;441.6666;25.98039;342.6667;342.6667;34.26667;17;10;300;340;-200;-1078.031
715;14;-414.4015;0;288.3332;288.3332;22.17948;394.1666;394.1666;49.27082;13;8;240;260;-500;-414.4015
716;25;-1139.011;0;419.3332;419.3332;23.29629;716.4993;716.4993;42.14702;18;17;510;360;-700;-1309.011
717;11;-820.6507;0;90.99998;90.99998;13;127;127;25.40001;7;5;150;140;-300;-810.6507
718;13;-361.9468;0;261.6665;261.6665;20.12819;398.6666;398.6666;39.86666;13;10;300;260;-100;-821.9468
719;11;-304.1614;0;191.6666;191.6666;27.38094;159.4999;159.4999;31.89998;7;5;150;140;-200;-394.1614
720;34;30.78312;0;738.6664;738.6664;25.47125;943.1667;943.1667;41.00725;29;23;690;580;-500;-739.2169
721;18;-708.2823;0;102;102;10.2;69.5;69.5;17.375;10;4;120;200;-400;-628.2823
722;12;-655.2518;0;113.6666;113.6666;18.94444;34.49999;34.49999;17.25;6;2;60;120;-100;-735.2518
723;49;-462.6074;0;1169.667;1169.667;27.84921;1510;1510;43.14285;42;35;1050;840;-1600;-752.6075
724;15;-615.5992;0;107.3333;107.3333;15.33333;54.66668;54.66668;18.22223;7;3;90;140;-400;-445.5992
725;16;-402.5645;0;323.6665;323.6665;19.03921;414.5;414.5;46.05555;17;9;270;340;-200;-812.5645
726;18;-63.50703;0;453.3334;453.3334;25.18519;648.5004;648.5004;54.0417;18;12;360;360;-200;-583.507
727;21;245.3682;0;500.6666;500.6666;22.75757;604.833;604.833;37.80206;22;16;480;440;-100;-574.6319
728;17;-671.3321;0;430.6667;430.6667;33.1282;160.6667;160.6667;32.13333;13;5;150;260;-400;-681.332
729;32;-234.8401;0;590;590;24.58333;885.3332;885.3332;46.59649;24;19;570;480;-500;-784.8402
730;11;-290.7728;0;185.6667;185.6667;18.56667;265.1665;265.1665;44.19442;10;6;180;200;-200;-470.7727
731;13;-548.1722;0;170.3334;170.3334;24.33334;64.50008;64.50008;32.25004;7;2;60;140;0;-748.1721
732;16;182.5814;0;359;359;27.61539;466.6666;466.6666;42.42424;13;11;330;260;0;-407.4186
733;36;-320.0678;0;779.0001;779.0001;25.12903;1170.5;1170.5;45.01922;31;26;780;620;-900;-820.0679
734;19;-1177.828;0;293.0001;293.0001;24.41667;231.0001;231.0001;28.87501;12;8;240;240;-300;-1357.828
735;28;-1227.861;0;773.3335;773.3335;35.15152;995.9998;995.9998;55.33332;22;18;540;440;-800;-1407.861
736;18;-359.7392;0;108.3334;108.3334;12.03704;187.5001;187.5001;26.78573;9;7;210;180;-300;-449.7392
737;20;-1498.445;0;200.3333;200.3333;20.03333;195.5;195.5;32.58333;10;6;180;200;-500;-1378.445
738;14;-703.6004;0;93.99999;93.99999;9.4;160.3333;160.3333;32.06667;10;5;150;200;-400;-653.6004
739;20;-215.2345;0;399.6667;399.6667;24.97917;277.3334;277.3334;30.81482;16;9;270;320;-400;-405.2345
740;26;-198.2633;0;844.9997;844.9997;33.79999;894.3335;894.3335;52.60785;25;17;510;500;-500;-708.2634
741;24;-323.1912;0;350.0001;350.0001;21.875;509.3334;509.3334;39.17949;16;13;390;320;-400;-633.1912
742;29;340.8728;0;985.0004;985.0004;35.17859;1199.334;1199.334;52.14495;28;23;690;560;-200;-709.1271
743;17;-874.5598;0;84.66668;84.66668;12.09524;74.50002;74.50002;37.25001;7;2;60;140;-300;-774.5598
744;18;-290.7489;0;394.3332;394.3332;18.77777;665.1664;665.1664;41.5729;21;16;480;420;-600;-590.7488
745;25;59.63709;0;416.9999;416.9999;21.94736;577.4997;577.4997;38.49998;19;15;450;380;-400;-370.3629
746;27;-874.8871;0;415.9999;415.9999;27.73333;468.3329;468.3329;46.83329;15;10;300;300;-900;-574.8871
747;14;-762.4474;0;234.6667;234.6667;18.05128;426.8333;426.8333;38.80302;13;11;330;260;-300;-1052.448
748;27;-44.86404;0;825.6664;825.6664;34.40277;802.4995;802.4995;44.58331;24;18;540;480;-500;-564.8641
749;27;-885.1318;0;604.6663;604.6663;31.82454;861.4996;861.4996;47.86109;19;18;540;380;-800;-1005.132
750;25;-348.9412;0;516.9999;516.9999;25.84999;704.667;704.667;44.04169;20;16;480;400;-400;-828.9412
751;20;-233.9666;0;542.6663;542.6663;31.92155;704.3328;704.3328;46.95552;17;15;450;340;-300;-723.9666
752;15;-1381.055;0;235.3332;235.3332;29.41665;31.33335;31.33335;31.33335;8;1;30;160;-600;-971.055
753;31;432.8737;0;1248.333;1248.333;35.66666;1384.832;1384.832;46.16107;35;30;900;700;-500;-667.1263
754;21;-1075.024;0;399.3331;399.3331;30.71793;332.9998;332.9998;47.5714;13;7;210;260;-600;-945.0243
755;23;-275.5235;0;604.6667;604.6667;26.28986;681.9999;681.9999;52.46153;23;13;390;460;-400;-725.5233
756;13;-920.7338;0;176.3333;176.3333;19.59259;173.6667;173.6667;28.94444;9;6;180;180;-100;-1180.734
757;33;-177.7069;0;1098;1098;36.59999;1245.499;1245.499;51.89579;30;24;720;600;-700;-797.707
758;14;-1012.767;0;139.6667;139.6667;23.27778;81.99994;81.99994;40.99997;6;2;60;120;-500;-692.7665
759;28;-281.1938;0;446.9998;446.9998;21.28571;651.8334;651.8334;38.34314;21;17;510;420;-200;-1011.194
760;17;-1404.145;0;47.33334;47.33334;11.83334;38.16669;38.16669;19.08335;4;2;60;80;-600;-944.1448
761;24;-507.0687;0;410.3332;410.3332;22.79629;532.8329;532.8329;40.98715;18;13;390;360;-400;-857.0686
762;14;1.098117;0;253.6666;253.6666;21.13889;348.833;348.833;43.60413;12;8;240;240;-200;-278.9019
763;18;56.9145;0;330.9999;330.9999;20.6875;521.3331;521.3331;40.10255;16;13;390;320;-300;-353.0855
764;20;-308.3474;0;241.6667;241.6667;18.58975;312.5001;312.5001;31.25001;13;10;300;260;-300;-568.3475
765;19;-313.4307;0;315.6667;315.6667;26.30556;493.1668;493.1668;44.83334;12;11;330;240;-300;-583.4307
766;37;514.7963;0;978.9996;978.9996;23.87804;1599.499;1599.499;47.04409;41;34;1020;820;-500;-825.2037
767;27;-162.4363;0;670.3333;670.3333;23.94048;1251.166;1251.166;56.8712;28;22;660;560;-600;-782.4363
768;16;-854.9349;0;499.6668;499.6668;41.6389;336.6664;336.6664;56.11107;12;6;180;240;-100;-1174.935
769;22;-869.1378;0;344.3331;344.3331;31.30301;321.4998;321.4998;40.18748;11;8;240;220;-300;-1029.138
770;39;-1035.492;0;802.3331;802.3331;30.85896;1014.166;1014.166;48.29361;26;21;630;520;-1100;-1085.492
771;34;-223.0033;0;881.3329;881.3329;26.70706;1295.833;1295.833;49.83973;33;26;780;660;-700;-963.0032
772;11;-931.4866;0;188.3333;188.3333;23.54167;46.83334;46.83334;23.41667;8;2;60;160;-100;-1051.487
773;53;793.9078;0;1260.333;1260.333;25.72108;1940.5;1940.5;42.18477;49;46;1380;980;-600;-966.0923
774;19;-644.4495;0;405.9997;405.9997;28.99998;573.8332;573.8332;47.81943;14;12;360;280;-400;-884.4493
775;20;-243.1546;0;462.3334;462.3334;27.19608;407.3336;407.3336;40.73336;17;10;300;340;-200;-683.1547
776;14;-488.8795;0;235.9999;235.9999;23.59999;191;191;38.19999;10;5;150;200;-300;-538.8795
777;19;-969.6992;0;290.6665;290.6665;29.06665;274.6664;274.6664;45.77774;10;6;180;200;-800;-549.6992
778;19;-478.2713;0;178.3334;178.3334;14.86112;229.6667;229.6667;25.51852;12;9;270;240;-400;-588.2712
779;25;-51.76927;0;477.3334;477.3334;26.51852;677.4995;677.4995;48.39282;18;14;420;360;-400;-431.7693
780;21;-1222.067;0;261.3333;261.3333;20.10256;308.9998;308.9998;34.33331;13;9;270;260;-700;-1052.067
781;19;-68.81767;0;770.6666;770.6666;33.50724;728.1665;728.1665;48.54443;23;15;450;460;-500;-478.8177
782;21;-501.9558;0;333.3335;333.3335;23.80953;370.0001;370.0001;41.11113;14;9;270;280;-600;-451.9558
783;32;-418.1367;0;654.6665;654.6665;29.75757;797.3326;797.3326;46.90192;22;17;510;440;-800;-568.1367
784;15;-761.8613;0;333.6664;333.6664;30.33331;191.1665;191.1665;31.86108;11;6;180;220;-400;-761.8613
785;11;-448.4212;0;313.6666;313.6666;28.51514;141.6666;141.6666;35.41665;11;4;120;220;-100;-688.4211
786;15;-482.9341;0;213.3333;213.3333;15.2381;242.3333;242.3333;34.61905;14;7;210;280;-200;-772.9341
787;16;-96.19425;0;566.6667;566.6667;33.33334;491.8331;491.8331;40.98609;17;12;360;340;-100;-696.1943
788;30;333.5413;0;812.3331;812.3331;29.0119;1014.166;1014.166;48.29364;28;21;630;560;-500;-356.4587
789;13;-776.9225;0;206;206;20.6;63.33329;63.33329;31.66664;10;2;60;200;-300;-736.9225
790;34;-64.9955;0;549.6665;549.6665;22.90277;1012.166;1012.166;46.00756;24;22;660;480;-600;-604.9955
791;21;-1155.389;0;573.333;573.333;38.2222;360.8334;360.8334;51.54763;15;7;210;300;-700;-965.3889
792;11;-10.23434;0;111.6667;111.6667;9.305554;214.3334;214.3334;26.79168;12;8;240;240;-100;-390.2343
793;10;-213.3881;0;152.6667;152.6667;11.74359;106.1667;106.1667;26.54168;13;4;120;260;0;-593.3881
794;45;-570.1761;0;998.9999;998.9999;28.54285;1445.333;1445.333;49.83906;35;29;870;700;-800;-1340.176
795;15;-224.9686;0;310.6665;310.6665;19.41666;430.1664;430.1664;43.01664;16;10;300;320;-300;-544.9686
796;28;565.4525;0;943;943;30.41936;1349.333;1349.333;48.19046;31;28;840;620;-300;-594.5475
797;33;389.1876;0;870.9999;870.9999;29.03333;1040.833;1040.833;41.63332;30;25;750;600;-400;-560.8124
798;24;-914.5839;0;339.3334;339.3334;26.10257;384.6669;384.6669;48.08336;13;8;240;260;-700;-714.5839
799;21;-499.6677;0;422.9999;422.9999;28.19999;384.3331;384.3331;42.70367;15;9;270;300;-600;-469.6677
800;16;-123.7585;0;115;115;11.5;256.6667;256.6667;51.33333;10;5;150;200;0;-473.7585
801;23;-131.5108;0;439.3332;439.3332;19.96969;501.833;501.833;38.60254;22;13;390;440;-300;-661.5108
802;17;-92.44043;0;433.9999;433.9999;31;233.8333;233.8333;29.22917;14;8;240;280;-200;-412.4405
803;35;327.4905;0;1106;1106;30.72222;1335.5;1335.5;44.51666;36;30;900;720;-600;-692.5093
804;16;-979.0488;0;176.6666;176.6666;22.08333;201.3332;201.3332;50.3333;8;4;120;160;-400;-859.0488
805;12;-950.0921;0;247.3334;247.3334;30.91668;126;126;31.5;8;4;120;160;-200;-1030.092
806;27;-32.36229;0;575.6666;575.6666;26.16666;771.4997;771.4997;45.38234;22;17;510;440;-400;-582.3623
807;19;-394.63;0;449.3333;449.3333;28.08333;428.3332;428.3332;42.83332;16;10;300;320;-600;-414.6299
808;25;-932.8655;0;323.6665;323.6665;23.11903;443.4996;443.4996;44.34996;14;10;300;280;-700;-812.8655
809;16;-234.4866;0;308.3332;308.3332;20.55554;508.4995;508.4995;46.22723;15;11;330;300;-200;-664.4866
810;22;-148.6402;0;551.6667;551.6667;26.26985;824.9997;824.9997;51.56248;21;16;480;420;-400;-648.6402
811;19;-1306.714;0;129.6667;129.6667;18.52381;21.66667;21.66667;21.66667;7;1;30;140;-700;-776.7133
812;39;-424.4579;0;938.9999;938.9999;30.29032;1138.333;1138.333;47.43054;31;24;720;620;-700;-1064.458
813;20;-609.345;0;250.3333;250.3333;25.03333;373.4999;373.4999;46.68749;10;8;240;200;-500;-549.345
814;18;-1111.224;0;64.66666;64.66666;8.083333;143;143;35.74999;8;4;120;160;-500;-891.2238
815;13;-837.9483;0;261.6666;261.6666;37.38094;97.33342;97.33342;32.44447;7;3;90;140;-100;-967.9483
816;16;-713.5928;0;114;114;12.66667;86.99992;86.99992;28.99998;9;3;90;180;-200;-783.5928
817;24;-672.7885;0;444.9999;444.9999;26.17646;514.9999;514.9999;42.91666;17;12;360;340;-900;-472.7886
818;11;-688.2314;0;181.6665;181.6665;22.70832;157.3332;157.3332;52.4444;8;3;90;160;-100;-838.2314
819;21;-296.0895;0;620.9998;620.9998;32.6842;548.8329;548.8329;42.21792;19;13;390;380;-600;-466.0895
820;24;-820.5728;0;244.6667;244.6667;17.47619;303.8331;303.8331;50.63885;14;6;180;280;-600;-680.5727
821;20;-667.5999;0;197.3333;197.3333;19.73333;352.3331;352.3331;44.04164;10;8;240;200;-400;-707.5999
822;8;-729.2141;0;119;119;29.75;84.50006;84.50006;28.16669;4;3;90;80;-100;-799.2141
823;13;-788.37;0;257.9999;257.9999;28.66666;117.3332;117.3332;39.11108;9;3;90;180;-300;-758.37
824;19;55.57935;0;585.3333;585.3333;25.44927;626.6664;626.6664;41.77776;23;15;450;460;-200;-654.4207
825;25;-160.7304;0;505.9997;505.9997;26.63157;821.8328;821.8328;48.34311;19;17;510;380;-500;-550.7305
826;21;-642.8146;0;302.3332;302.3332;18.89583;578.6661;578.6661;52.60601;16;11;330;320;-500;-792.8146
827;17;51.53333;0;451.9999;451.9999;34.76922;404.6665;404.6665;44.96294;13;9;270;260;-200;-278.4667
828;12;-1083.278;0;205.9998;205.9998;34.33331;116.3332;116.3332;38.77774;6;3;90;120;-400;-893.2778
829;17;-993.3843;0;121.6666;121.6666;15.20833;153.5;153.5;30.69999;8;5;150;160;-400;-903.3843
830;18;-107.0973;0;370.6666;370.6666;23.16666;316.1667;316.1667;31.61667;16;10;300;320;-400;-327.0974
831;16;-49.47309;0;126.3333;126.3333;11.48485;137.8333;137.8333;22.97221;11;6;180;220;0;-449.4731
832;25;-441.9336;0;781.3331;781.3331;31.25332;1084.833;1084.833;63.81373;25;17;510;500;-500;-951.9336
833;28;-1091.062;0;542.333;542.333;33.89581;731.1661;731.1661;56.24355;16;13;390;320;-700;-1101.062
834;17;-867.7811;0;151.6666;151.6666;15.16666;364.1666;364.1666;36.41666;10;10;300;200;-200;-1167.781
835;19;-444.6396;0;464.6668;464.6668;33.19049;378.6669;378.6669;37.86669;14;10;300;280;-300;-724.6395
836;16;-315.2087;0;349.6666;349.6666;26.89743;234.9998;234.9998;46.99996;13;5;150;260;-300;-425.2087
837;15;-1263.171;0;265.3332;265.3332;29.48147;110.6666;110.6666;36.88885;9;3;90;180;-400;-1133.171
838;13;-434.2058;0;252.9999;252.9999;31.62498;150.9999;150.9999;37.74997;8;4;120;160;-200;-514.2059
839;26;24.7431;0;804.3333;804.3333;38.30158;804.9995;804.9995;50.31247;21;16;480;420;-300;-575.2569
840;13;-1016.97;0;95.66666;95.66666;23.91666;20.16667;20.16667;20.16667;4;1;30;80;-200;-926.9696
841;15;-1291.147;0;63.33332;63.33332;15.83333;42.66668;42.66668;21.33334;4;2;60;80;-400;-1031.147
842;20;-353.9673;0;547.333;547.333;32.19606;528.3332;528.3332;40.64101;17;13;390;340;-400;-683.9674
843;12;-578.034;0;98;98;14;131.3334;131.3334;26.26668;7;5;150;140;0;-868.0339
844;29;-44.4709;0;927.3328;927.3328;34.34566;945.6658;945.6658;49.77188;27;19;570;540;-500;-654.4708
845;9;-828.9951;0;111.0001;111.0001;22.20001;21;21;21;5;1;30;100;0;-958.9951
846;15;-93.03558;0;485.9999;485.9999;30.37499;444.8331;444.8331;40.43937;16;11;330;320;-200;-543.0356
847;30;226.8108;0;691.9998;691.9998;28.83333;866.1666;866.1666;41.24603;24;21;630;480;-500;-383.1892
848;20;-1332.286;0;274.3333;274.3333;27.43333;239.6666;239.6666;59.91666;10;4;120;200;-800;-852.2856
849;21;-207.6942;0;244.3333;244.3333;16.28888;580.6664;580.6664;41.47617;15;14;420;300;-400;-527.6943
850;14;-663.403;0;207.9999;207.9999;23.1111;120;120;30;9;4;120;180;-300;-663.403
851;19;-221.8483;0;424.3333;424.3333;28.28889;335.9999;335.9999;37.33332;15;9;270;300;-500;-291.8483
852;22;-474.2977;0;806.333;806.333;42.43858;722.8336;722.8336;55.60258;19;13;390;380;-700;-544.2977
853;14;-832.3792;0;111;111;18.50001;116.6667;116.6667;38.8889;6;3;90;120;-300;-742.3793
854;20;42.20448;0;416.9998;416.9998;21.94736;510.9998;510.9998;39.30767;19;13;390;380;-200;-527.7955
855;23;-412.7577;0;729.9999;729.9999;33.18181;633.4998;633.4998;48.73075;22;13;390;440;-600;-642.7576
856;11;-1082.049;0;131.3333;131.3333;18.7619;60.1667;60.1667;30.08335;7;2;60;140;-300;-982.0488
857;13;-623.5864;0;135;135;15;89.6667;89.6667;29.8889;9;3;90;180;-100;-793.5864
858;25;-521.4653;0;385.9999;385.9999;22.70588;516.4999;516.4999;39.73076;17;13;390;340;-300;-951.4653
859;14;-1389.881;0;90.66657;90.66657;18.13331;0;0;NaN;5;0;0;100;-300;-1189.881
860;18;-631.3151;0;175.6667;175.6667;19.51853;153;153;25.50001;9;6;180;180;-400;-591.3151
861;16;-765.8715;0;440.333;440.333;33.87177;197.5001;197.5001;28.2143;13;7;210;260;-200;-1035.871
862;8;-304.1075;0;54.66665;54.66665;9.111108;126.6666;126.6666;31.66665;6;4;120;120;0;-544.1074
863;20;-507.3284;0;311.9999;311.9999;23.99999;258.4999;258.4999;32.31248;13;8;240;260;-500;-507.3284
864;22;-453.2207;0;422.6667;422.6667;22.24562;772.3333;772.3333;51.48889;19;15;450;380;-500;-783.2207
865;15;-1084.423;0;81.33337;81.33337;13.55556;112.3333;112.3333;28.08332;6;4;120;120;-500;-824.4235
866;22;-550.7083;0;453.9998;453.9998;32.42856;398.8332;398.8332;39.88332;14;10;300;280;-500;-630.7083
867;20;49.3689;0;403.9999;403.9999;22.44444;579.9999;579.9999;36.24999;18;16;480;360;-200;-590.6311
868;21;-694.5213;0;391.6667;391.6667;23.03922;299.3331;299.3331;29.93331;17;10;300;340;-300;-1034.521
869;15;-852.1964;0;149.6667;149.6667;21.38095;205.6665;205.6665;41.13331;7;5;150;140;-500;-642.1963
870;19;-516.118;0;422;422;32.46154;419.9998;419.9998;41.99998;13;10;300;260;-700;-376.1181
871;40;-671.6222;0;1056.334;1056.334;35.21112;1264.166;1264.166;50.56665;30;25;750;600;-1100;-921.6222
872;25;343.4622;0;686.0002;686.0002;26.38462;935.6665;935.6665;46.78333;26;20;600;520;-300;-476.5378
873;20;-922.1127;0;224.3333;224.3333;24.92592;196.8333;196.8333;49.20833;9;4;120;180;-500;-722.1127
874;15;-813.7009;0;161.6666;161.6666;20.20832;174.4999;174.4999;34.89997;8;5;150;160;-500;-623.7009
875;24;-603.0513;0;536.6664;536.6664;35.77776;613.4996;613.4996;51.12497;15;12;360;300;-600;-663.0513
876;21;-830.8696;0;376;376;25.06667;357.6666;357.6666;39.74073;15;9;270;300;-500;-900.8696
877;17;-591.1608;0;252.6666;252.6666;28.07406;164.6667;164.6667;41.16669;9;4;120;180;-400;-491.1608
878;19;-1047.547;0;348.6664;348.6664;26.82049;283.6664;283.6664;56.73327;13;5;150;260;-600;-857.5471
879;14;-374.0614;0;168.6667;168.6667;18.74074;205.4999;205.4999;29.35713;9;7;210;180;-400;-364.0614
880;17;-377.3863;0;290.3333;290.3333;24.19444;221.8333;221.8333;31.69047;12;7;210;240;-200;-627.3863
881;12;-688.5104;0;217.3334;217.3334;24.14816;92.00009;92.00009;30.6667;9;3;90;180;-100;-858.5104
882;14;-955.2432;0;136.3333;136.3333;17.04166;45.83333;45.83333;15.27778;8;3;90;160;-300;-905.2432
883;22;-343.9615;0;545.3333;545.3333;32.07843;529.6668;529.6668;48.15153;17;11;330;340;-400;-613.9614
884;18;-740.616;0;212.3333;212.3333;19.30302;271.8332;271.8332;45.30553;11;6;180;220;-500;-640.616
885;11;-446.2599;0;175.6667;175.6667;17.56667;294.1667;294.1667;36.77083;10;8;240;200;-200;-686.2599
886;22;-310.7588;0;539;539;28.36842;699.3328;699.3328;43.7083;19;16;480;380;-700;-470.7588
887;22;-387.1535;0;494.9999;494.9999;30.93749;580.4999;580.4999;44.65384;16;13;390;320;-700;-397.1535
888;19;-37.02436;0;594.6664;594.6664;37.16665;489.6661;489.6661;40.80551;16;12;360;320;-400;-317.0244
889;21;-708.1616;0;496.3331;496.3331;45.12119;516.3334;516.3334;57.37038;11;9;270;220;-400;-798.1616
890;18;-326.3262;0;465.3332;465.3332;29.08333;235.4999;235.4999;33.64284;16;7;210;320;-400;-456.3262
891;31;-73.70844;0;763.6662;763.6662;29.37178;782.1667;782.1667;46.0098;26;17;510;520;-600;-503.7084
892;17;134.3126;0;343.6667;343.6667;21.47917;365.4999;365.4999;30.45833;16;12;360;320;-100;-445.6874
893;13;-315.5479;0;102.6666;102.6666;11.4074;169.1666;169.1666;28.19443;9;6;180;180;-200;-475.5479
894;12;-828.9286;0;80.00001;80.00001;10;94.83331;94.83331;31.6111;8;3;90;160;-100;-978.9286
895;20;-419.1613;0;327.9999;327.9999;29.81818;343;343;38.11111;11;9;270;220;-500;-409.1613
896;21;19.9633;0;642.0001;642.0001;23.77778;661.6671;661.6671;47.26194;27;14;420;540;-500;-440.0367
897;27;-462.6828;0;809.9996;809.9996;38.57141;757.4995;757.4995;50.49996;21;15;450;420;-700;-632.6829
898;17;-518.4203;0;201.3334;201.3334;18.30303;144.6667;144.6667;28.93334;11;5;150;220;-600;-288.4203
899;21;-1172.653;0;434.6663;434.6663;36.22219;483.8334;483.8334;60.47917;12;8;240;240;-400;-1252.653
900;14;-262.2384;0;266.6667;266.6667;20.51282;300.1666;300.1666;37.52082;13;8;240;260;-300;-462.2384
901;24;152.4996;0;805.6663;805.6663;33.56943;785.1658;785.1658;43.62032;24;18;540;480;-200;-667.5004
902;10;-486.1841;0;102.6667;102.6667;14.66667;107.6666;107.6666;21.53333;7;5;150;140;0;-776.184
903;9;-849.2186;0;109.3333;109.3333;13.66667;110.5;110.5;36.83333;8;3;90;160;0;-1099.219
904;19;-1603.383;0;697.3331;697.3331;41.01959;544.5002;544.5002;54.45002;17;10;300;340;-200;-2043.383
905;16;-518.353;0;131;131;14.55556;216.3334;216.3334;36.05556;9;6;180;180;-400;-478.353
906;20;-1315.214;0;184.6666;184.6666;20.51851;291.3332;291.3332;41.61902;9;7;210;180;-700;-1005.215
907;11;-341.6128;0;139;139;15.44444;60.00001;60.00001;30;9;2;60;180;0;-581.6128
908;20;-299.7531;0;171;171;12.21429;220.1667;220.1667;22.01667;14;10;300;280;-200;-679.7531
909;13;-495.1881;0;136.6667;136.6667;19.52381;181.3333;181.3333;45.33331;7;4;120;140;-300;-455.1881
910;16;-524.6807;0;235.0001;235.0001;18.07693;325.9997;325.9997;46.57138;13;7;210;260;-500;-494.6807
911;14;-191.7462;0;279.3332;279.3332;23.27777;149.9999;149.9999;29.99998;12;5;150;240;-100;-481.7462
912;20;-238.5284;0;466;466;25.88889;740.1665;740.1665;46.26041;18;16;480;360;-100;-978.5284
913;20;-590.2481;0;295;295;32.77778;186.4999;186.4999;31.08332;9;6;180;180;-400;-550.2481
914;11;62.14622;0;275.6665;275.6665;21.20511;208.8332;208.8332;26.10415;13;8;240;260;0;-437.8538
915;14;-1424.05;0;277.3331;277.3331;39.61901;67.83333;67.83333;33.91666;7;2;60;140;-200;-1424.05
916;32;-718.0023;0;819.9996;819.9996;34.16665;769.8333;769.8333;45.28431;24;17;510;480;-1000;-708.0023
917;21;-405.1582;0;551.9997;551.9997;29.05262;556.8331;556.8331;37.1222;19;15;450;380;-200;-1035.158
918;14;-862.8973;0;154.3334;154.3334;25.72223;90.83337;90.83337;30.27779;6;3;90;120;-200;-872.8973
919;18;-486.5224;0;426.9999;426.9999;26.6875;314;314;34.88889;16;9;270;320;-600;-476.5224
920;19;-478.3169;0;268.3334;268.3334;17.88889;342.1667;342.1667;38.01852;15;9;270;300;-400;-648.3169
921;16;-698.3604;0;213.6667;213.6667;19.42424;287.3334;287.3334;47.8889;11;6;180;220;-400;-698.3604
922;18;-1203.07;0;268.9998;268.9998;33.62498;166.4999;166.4999;33.29998;8;5;150;160;-400;-1113.07
923;14;-910.886;0;120.6667;120.6667;24.13333;114.6666;114.6666;57.33331;5;2;60;100;-400;-670.886
924;16;-1019.99;0;265.9999;265.9999;29.55555;406.4996;406.4996;50.81245;9;8;240;180;-200;-1239.99
925;10;-683.6168;0;134.3333;134.3333;22.38889;134.6666;134.6666;33.66665;6;4;120;120;0;-923.6168
926;12;-380.9577;0;307.6667;307.6667;34.18519;232.3335;232.3335;58.08337;9;4;120;180;-100;-580.9578
927;18;-1026.673;0;271.9998;271.9998;33.99998;146.1666;146.1666;36.54166;8;4;120;160;-400;-906.6726
928;21;331.2883;0;842.6665;842.6665;36.63767;943.833;943.833;47.19165;23;20;600;460;-100;-628.7117
929;34;-1175.251;0;541.333;541.333;28.49121;610.6662;610.6662;38.16664;19;16;480;380;-900;-1135.251
930;18;-1661.709;0;371.6664;371.6664;33.78785;13;13;13;11;1;30;220;-400;-1511.709
931;37;36.99794;0;1140.999;1140.999;36.80643;1162.999;1162.999;44.73073;31;26;780;620;-900;-463.002
932;14;-610.9028;0;152.6666;152.6666;16.96296;69.99996;69.99996;34.99998;9;2;60;180;-200;-650.9028
933;12;-238.1511;0;233.9999;233.9999;23.39999;395.1663;395.1663;56.45233;10;7;210;200;-200;-448.151
934;18;-1020.347;0;262.6666;262.6666;23.87878;216.9999;216.9999;30.99999;11;7;210;220;-500;-950.3469
935;52;-385.9045;0;1079.333;1079.333;29.17116;1523.333;1523.333;46.16159;37;33;990;740;-1100;-1015.904
936;13;-519.1531;0;106;106;15.14286;77.33336;77.33336;25.77779;7;3;90;140;-200;-549.1532
937;28;-782.3591;0;534.3332;534.3332;24.28787;767.4998;767.4998;47.96874;22;16;480;440;-600;-1102.359
938;13;-724.7026;0;192.9999;192.9999;27.57141;119.1666;119.1666;39.72221;7;3;90;140;-100;-854.7026
939;13;-1125.828;0;82.6666;82.6666;20.66665;0;0;NaN;4;0;0;80;-300;-905.8278
940;19;-586.551;0;604.0002;604.0002;43.14287;247.1666;247.1666;35.30952;14;7;210;280;-200;-876.551
941;21;-378.5;0;443.6665;443.6665;26.09803;608.9998;608.9998;55.36362;17;11;330;340;-700;-348.4999
942;18;-932.2881;0;463.9996;463.9996;38.66664;182.4998;182.4998;36.49996;12;5;150;240;-400;-922.2881
943;23;-1419.954;0;195.9999;195.9999;17.81817;364.6664;364.6664;33.15149;11;11;330;220;-300;-1669.954
944;23;-1852.784;0;199.3333;199.3333;24.91666;256.4998;256.4998;42.74997;8;6;180;160;-800;-1392.784
945;20;-581.7267;0;279.6664;279.6664;27.96664;325.8332;325.8332;36.20369;10;9;270;200;-400;-651.7267
946;17;-38.70315;0;296.3333;296.3333;19.75555;334.6667;334.6667;33.46667;15;10;300;300;-100;-538.7031
947;19;-1190.603;0;96.66667;96.66667;16.11111;79.83325;79.83325;26.61108;6;3;90;120;-700;-700.6026
948;17;-414.1087;0;484.3331;484.3331;30.27082;444.1663;444.1663;44.41663;16;10;300;320;-600;-434.1087
949;18;-235.0252;0;288.6666;288.6666;24.05555;359.1666;359.1666;35.91666;12;10;300;240;-200;-575.0252
950;18;-377.5816;0;644.6667;644.6667;35.81482;512.8333;512.8333;42.73611;18;12;360;360;-300;-797.5816
951;16;-254.4693;0;372.6667;372.6667;23.29167;287.9999;287.9999;47.99998;16;6;180;320;-200;-554.4693
952;14;-607.5585;0;330.6665;330.6665;25.43588;187.3334;187.3334;31.22223;13;6;180;260;-400;-647.5585
953;12;-895.0533;0;260.6665;260.6665;37.23807;118.1665;118.1665;39.38884;7;3;90;140;-400;-725.0533
954;25;-265.4014;0;620.6663;620.6663;28.2121;742.1659;742.1659;46.38537;22;16;480;440;-500;-685.4015
955;10;-1033.679;0;24;24;7.999999;16.99999;16.99999;16.99999;3;1;30;60;-200;-923.679
956;17;-334.909;0;429.6664;429.6664;28.64443;415.4998;415.4998;46.16664;15;9;270;300;-400;-504.909
957;29;-382.1047;0;792;792;31.68;979.5002;979.5002;48.97501;25;20;600;500;-700;-782.1047
958;14;-78.34142;0;478.3333;478.3333;26.57407;444.0001;444.0001;37.00001;18;12;360;360;-200;-598.3414
959;18;-1134.401;0;192.6667;192.6667;19.26667;109;109;27.25;10;4;120;200;-500;-954.4009
960;21;-433.9822;0;547.6667;547.6667;32.21569;443.6666;443.6666;40.33332;17;11;330;340;-500;-603.9822
961;19;-691.0717;0;444.9998;444.9998;40.45452;350;350;58.33333;11;6;180;220;-400;-691.0717
962;31;283.0471;0;835.6664;835.6664;27.85555;976.9998;976.9998;44.40908;30;22;660;600;-500;-476.9528
963;24;-520.3617;0;632.333;632.333;35.12961;731.6659;731.6659;52.26185;18;14;420;360;-300;-1000.362
964;24;-746.8872;0;514.333;514.333;23.37877;727.4995;727.4995;48.49997;22;15;450;440;-600;-1036.887
965;16;-1026.407;0;154.6666;154.6666;19.33332;141.9999;141.9999;47.3333;8;3;90;160;-400;-876.407
966;16;-764.6088;0;208.6666;208.6666;18.96969;133.1667;133.1667;33.29166;11;4;120;220;-600;-504.6087
967;21;-660.3376;0;338.9999;338.9999;26.07692;217.1665;217.1665;31.02379;13;7;210;260;-500;-630.3376
968;15;-776.8388;0;122.6666;122.6666;15.33332;410.6662;410.6662;58.6666;8;7;210;160;-500;-646.8387
969;16;-936.3253;0;249.9998;249.9998;27.77776;322.1664;322.1664;53.69439;9;6;180;180;-300;-996.3253
970;12;-538.1903;0;91.66669;91.66669;10.18519;80.33331;80.33331;40.16666;9;2;60;180;-200;-578.1903
971;15;-1020.901;0;145.6666;145.6666;16.18518;133.9999;133.9999;33.49997;9;4;120;180;-400;-920.9008
972;13;-481.2531;0;212;212;19.27272;161.8332;161.8332;40.45831;11;4;120;220;-400;-421.2531
973;34;-498.4547;0;894.9996;894.9996;29.83332;976.3325;976.3325;40.68052;30;24;720;600;-800;-1018.455
974;15;64.06055;0;457.6667;457.6667;32.69048;444.833;444.833;44.4833;14;10;300;280;-200;-315.9395
975;11;-274.6138;0;341.3332;341.3332;26.2564;372.1665;372.1665;41.35183;13;9;270;260;-100;-704.6138
976;17;-16.71635;0;381.6666;381.6666;29.35897;405.1664;405.1664;45.01849;13;9;270;260;-100;-446.7163
977;23;76.35681;0;591.9997;591.9997;23.67999;822.4993;822.4993;41.12496;25;20;600;500;-200;-823.6432
978;12;-513.4995;0;155.3334;155.3334;19.41668;140.5;140.5;28.10001;8;5;150;160;-300;-523.4995
979;47;336.5039;0;1426;1426;33.95238;1741.166;1741.166;49.74761;42;35;1050;840;-1100;-453.4961
980;29;-775.1288;0;574;574;23.91667;558.9998;558.9998;34.93748;24;16;480;480;-900;-835.1288
981;15;-1261.719;0;268.9998;268.9998;33.62498;232.9997;232.9997;46.59995;8;5;150;160;-200;-1371.719
982;12;-688.8467;0;102;102;14.57143;112.3334;112.3334;28.08335;7;4;120;140;-400;-548.8467
983;21;-633.4889;0;617.3332;617.3332;34.29629;508.6667;508.6667;50.86668;18;10;300;360;-400;-893.4888
984;24;-793.4034;0;627.6667;627.6667;44.83334;325.3334;325.3334;40.66668;14;8;240;280;-600;-713.4034
985;24;-379.2232;0;508.3335;508.3335;31.77084;465.6664;465.6664;38.80554;16;12;360;320;-300;-759.2231
986;12;-416.7843;0;57.33335;57.33335;9.555558;76.33335;76.33335;19.08334;6;4;120;120;-100;-556.7843
987;16;-710.3674;0;98.66667;98.66667;14.09524;120.8333;120.8333;30.20833;7;4;120;140;-300;-670.3674
988;23;-981.0095;0;493.6667;493.6667;29.03922;713.9995;713.9995;50.99996;17;14;420;340;-600;-1141.009
989;21;-518.1927;0;291.3333;291.3333;22.41025;383.3331;383.3331;38.33331;13;10;300;260;-400;-678.1927
990;20;-667.6909;0;377.3334;377.3334;26.95238;479.8333;479.8333;43.62121;14;11;330;280;-600;-677.6909
991;21;-1057.817;0;396.6667;396.6667;28.33333;396.4997;396.4997;39.64997;14;10;300;280;-600;-1037.817
992;15;-424.9705;0;222;222;18.5;336.1666;336.1666;48.0238;12;7;210;240;0;-874.9704
993;22;-114.4957;0;303;303;21.64285;357.5001;357.5001;35.75001;14;10;300;280;0;-694.4957
994;24;-230.3506;0;611.6664;611.6664;27.80302;594.9996;594.9996;45.7692;22;13;390;440;-300;-760.3505
995;23;-1319.074;0;375.6666;375.6666;31.30555;479.1667;479.1667;59.89583;12;8;240;240;-700;-1099.074
996;24;-413.7155;0;491.6664;491.6664;32.77776;457.6664;457.6664;45.76664;15;10;300;300;-600;-413.7155
997;11;-880.0522;0;228.3334;228.3334;20.75758;50.99998;50.99998;16.99999;11;3;90;220;-100;-1090.052
998;25;-804.8234;0;373.9999;373.9999;17;395;395;30.38461;22;13;390;440;-800;-834.8234
999;19;-678.8914;0;290.6668;290.6668;22.35898;243.3333;243.3333;30.41666;13;8;240;260;-700;-478.8913
